billing_id,resident_id,facility_id,billing_month,base_charge,additional_services,total_charge,payment_status,payment_date
1,1,4,2026-02-01 14:14:29.331267,5500,1165,6904,Pending,2026-02-26 14:14:29.331267
2,1,4,2026-03-01 14:14:29.331267,5500,229,5868,Pending,2026-03-16 14:14:29.331267
3,2,5,2025-05-01 14:14:29.331267,3500,1360,3944,Paid,2025-05-29 14:14:29.331267
4,2,5,2025-05-01 14:14:29.331267,3500,1422,3749,Paid,2025-06-30 14:14:29.331267
5,2,5,2025-06-01 14:14:29.331267,3500,1341,3693,Paid,2025-07-18 14:14:29.331267
6,2,5,2025-07-01 14:14:29.331267,3500,895,4863,Paid,2025-08-03 14:14:29.331267
7,2,5,2025-08-01 14:14:29.331267,3500,1098,3793,Paid,2025-09-16 14:14:29.331267
8,2,5,2025-09-01 14:14:29.331267,3500,54,4422,Paid,
9,2,5,2025-10-01 14:14:29.331267,3500,50,4298,Paid,2025-11-07 14:14:29.331267
10,3,3,2025-04-01 14:14:29.331267,5500,1486,5747,Paid,2025-04-15 14:14:29.331267
11,3,3,2025-05-01 14:14:29.331267,5500,602,5932,Paid,
12,3,3,2025-05-01 14:14:29.331267,5500,1360,5924,Paid,2025-06-16 14:14:29.331267
13,3,3,2025-06-01 14:14:29.331267,5500,372,6894,Paid,2025-07-27 14:14:29.331267
14,3,3,2025-07-01 14:14:29.331267,5500,71,6033,Paid,2025-08-16 14:14:29.331267
15,3,3,2025-08-01 14:14:29.331267,5500,1202,6469,Overdue,2025-09-20 14:14:29.331267
16,3,3,2025-09-01 14:14:29.331267,5500,745,6893,Paid,2025-10-15 14:14:29.331267
17,3,3,2025-10-01 14:14:29.331267,5500,256,5871,Paid,2025-11-07 14:14:29.331267
18,3,3,2025-11-01 14:14:29.331267,5500,645,6752,Paid,2025-12-04 14:14:29.331267
19,3,3,2025-12-01 14:14:29.331267,5500,993,6462,Paid,2026-01-16 14:14:29.331267
20,3,3,2026-01-01 14:14:29.331267,5500,1240,6453,Paid,2026-02-13 14:14:29.331267
21,3,3,2026-02-01 14:14:29.331267,5500,907,6782,Paid,2026-03-26 14:14:29.331267
22,3,3,2026-03-01 14:14:29.331267,5500,888,6526,Paid,
23,4,5,2025-08-01 14:14:29.331267,5500,1338,6878,Overdue,2025-08-28 14:14:29.331267
24,4,5,2025-08-01 14:14:29.331267,5500,1486,5784,Paid,2025-09-05 14:14:29.331267
25,4,5,2025-09-01 14:14:29.331267,5500,413,5888,Paid,2025-10-26 14:14:29.331267
26,4,5,2025-10-01 14:14:29.331267,5500,873,5724,Pending,2025-11-01 14:14:29.331267
27,4,5,2025-11-01 14:14:29.331267,5500,620,5990,Paid,2025-12-20 14:14:29.331267
28,4,5,2025-12-01 14:14:29.331267,5500,69,5551,Paid,2026-01-04 14:14:29.331267
29,4,5,2026-01-01 14:14:29.331267,5500,392,6783,Paid,2026-02-09 14:14:29.331267
30,4,5,2026-02-01 14:14:29.331267,5500,1308,5674,Paid,
31,4,5,2026-03-01 14:14:29.331267,5500,137,6868,Paid,2026-04-16 14:14:29.331267
32,5,5,2025-08-01 14:14:29.331267,7500,207,7800,Pending,2025-08-09 14:14:29.331267
33,5,5,2025-08-01 14:14:29.331267,7500,1179,8750,Paid,2025-09-26 14:14:29.331267
34,5,5,2025-09-01 14:14:29.331267,7500,601,8260,Overdue,2025-10-20 14:14:29.331267
35,5,5,2025-10-01 14:14:29.331267,7500,175,8633,Paid,2025-11-25 14:14:29.331267
36,5,5,2025-11-01 14:14:29.331267,7500,1258,7883,Pending,2025-12-23 14:14:29.331267
37,5,5,2025-12-01 14:14:29.331267,7500,1229,7558,Paid,2026-01-05 14:14:29.331267
38,5,5,2026-01-01 14:14:29.331267,7500,1263,7639,Paid,2026-02-02 14:14:29.331267
39,5,5,2026-02-01 14:14:29.331267,7500,203,7758,Paid,2026-03-23 14:14:29.331267
40,5,5,2026-03-01 14:14:29.331267,7500,741,8150,Paid,2026-04-20 14:14:29.331267
41,6,2,2025-07-01 14:14:29.331267,6500,822,7126,Paid,2025-07-12 14:14:29.331267
42,6,2,2025-07-01 14:14:29.331267,6500,966,7414,Paid,2025-08-09 14:14:29.331267
43,6,2,2025-08-01 14:14:29.331267,6500,158,7315,Pending,2025-09-25 14:14:29.331267
44,6,2,2025-09-01 14:14:29.331267,6500,948,7911,Paid,
45,6,2,2025-10-01 14:14:29.331267,6500,837,7968,Paid,2025-11-04 14:14:29.331267
46,6,2,2025-11-01 14:14:29.331267,6500,1293,7864,Paid,
47,6,2,2025-12-01 14:14:29.331267,6500,306,6517,Paid,2026-01-02 14:14:29.331267
48,6,2,2026-01-01 14:14:29.331267,6500,698,7660,Pending,2026-02-15 14:14:29.331267
49,6,2,2026-02-01 14:14:29.331267,6500,765,7701,Paid,
50,6,2,2026-03-01 14:14:29.331267,6500,517,7310,Pending,2026-04-26 14:14:29.331267
51,7,3,2025-06-01 14:14:29.331267,4500,1283,4617,Paid,2025-06-11 14:14:29.331267
52,7,3,2025-07-01 14:14:29.331267,4500,638,4787,Pending,2025-07-07 14:14:29.331267
53,7,3,2025-07-01 14:14:29.331267,4500,644,5805,Paid,2025-08-12 14:14:29.331267
54,7,3,2025-08-01 14:14:29.331267,4500,976,5919,Paid,2025-09-10 14:14:29.331267
55,7,3,2025-09-01 14:14:29.331267,4500,1277,5398,Paid,
56,7,3,2025-10-01 14:14:29.331267,4500,706,5371,Overdue,2025-11-22 14:14:29.331267
57,8,3,2025-05-01 14:14:29.331267,6500,567,7198,Paid,2025-05-28 14:14:29.331267
58,8,3,2025-05-01 14:14:29.331267,6500,1257,6636,Paid,2025-06-22 14:14:29.331267
59,8,3,2025-06-01 14:14:29.331267,6500,1023,7647,Paid,
60,8,3,2025-07-01 14:14:29.331267,6500,277,6664,Paid,
61,8,3,2025-08-01 14:14:29.331267,6500,148,7501,Paid,2025-09-11 14:14:29.331267
62,8,3,2025-09-01 14:14:29.331267,6500,912,6891,Paid,2025-10-02 14:14:29.331267
63,8,3,2025-10-01 14:14:29.331267,6500,449,7853,Paid,2025-10-29 14:14:29.331267
64,8,3,2025-11-01 14:14:29.331267,6500,473,7814,Paid,2025-12-24 14:14:29.331267
65,8,3,2025-12-01 14:14:29.331267,6500,1034,7560,Paid,2026-01-06 14:14:29.331267
66,8,3,2026-01-01 14:14:29.331267,6500,874,7973,Paid,2026-02-25 14:14:29.331267
67,8,3,2026-02-01 14:14:29.331267,6500,1178,7468,Pending,2026-03-07 14:14:29.331267
68,8,3,2026-03-01 14:14:29.331267,6500,1198,7400,Pending,2026-04-14 14:14:29.331267
69,9,3,2026-03-01 14:14:29.331267,6500,1056,6964,Paid,
70,10,5,2026-01-01 14:14:29.331267,5500,980,6436,Paid,2026-01-22 14:14:29.331267
71,10,5,2026-01-01 14:14:29.331267,5500,192,6269,Pending,
72,10,5,2026-03-01 14:14:29.331267,5500,713,5586,Paid,2026-03-28 14:14:29.331267
73,11,4,2025-05-01 14:14:29.331267,6500,281,7532,Paid,
74,11,4,2025-05-01 14:14:29.331267,6500,374,7490,Paid,2025-06-17 14:14:29.331267
75,11,4,2025-06-01 14:14:29.331267,6500,1042,7684,Paid,2025-07-04 14:14:29.331267
76,11,4,2025-07-01 14:14:29.331267,6500,126,7011,Paid,2025-08-27 14:14:29.331267
77,11,4,2025-08-01 14:14:29.331267,6500,1184,7944,Paid,2025-09-23 14:14:29.331267
78,11,4,2025-09-01 14:14:29.331267,6500,943,6651,Paid,2025-09-29 14:14:29.331267
79,11,4,2025-10-01 14:14:29.331267,6500,968,7001,Paid,2025-11-04 14:14:29.331267
80,12,3,2026-01-01 14:14:29.331267,3500,705,3701,Paid,2026-01-23 14:14:29.331267
81,12,3,2026-01-01 14:14:29.331267,3500,1352,4575,Paid,2026-02-10 14:14:29.331267
82,12,3,2026-03-01 14:14:29.331267,3500,75,3517,Pending,2026-03-04 14:14:29.331267
83,13,5,2025-11-01 14:14:29.331267,5500,1078,6974,Paid,
84,13,5,2025-12-01 14:14:29.331267,5500,847,5611,Paid,2025-12-16 14:14:29.331267
85,13,5,2025-12-01 14:14:29.331267,5500,752,6095,Paid,
86,13,5,2026-01-01 14:14:29.331267,5500,601,6615,Paid,2026-02-20 14:14:29.331267
87,13,5,2026-03-01 14:14:29.331267,5500,99,6445,Paid,2026-03-08 14:14:29.331267
88,14,2,2025-04-01 14:14:29.331267,3500,1114,4963,Paid,2025-04-04 14:14:29.331267
89,14,2,2025-05-01 14:14:29.331267,3500,626,3963,Paid,
90,14,2,2025-05-01 14:14:29.331267,3500,773,4056,Paid,2025-06-21 14:14:29.331267
91,14,2,2025-06-01 14:14:29.331267,3500,95,4759,Paid,2025-07-23 14:14:29.331267
92,14,2,2025-07-01 14:14:29.331267,3500,792,3774,Paid,2025-08-01 14:14:29.331267
93,14,2,2025-08-01 14:14:29.331267,3500,1258,3644,Paid,2025-09-12 14:14:29.331267
94,14,2,2025-09-01 14:14:29.331267,3500,741,4367,Paid,2025-10-12 14:14:29.331267
95,14,2,2025-10-01 14:14:29.331267,3500,1084,4676,Paid,
96,14,2,2025-11-01 14:14:29.331267,3500,1194,4425,Paid,2025-12-04 14:14:29.331267
97,14,2,2025-12-01 14:14:29.331267,3500,866,4970,Paid,2026-01-19 14:14:29.331267
98,14,2,2026-01-01 14:14:29.331267,3500,1236,4024,Paid,2026-02-15 14:14:29.331267
99,14,2,2026-02-01 14:14:29.331267,3500,510,4552,Pending,2026-02-28 14:14:29.331267
100,14,2,2026-03-01 14:14:29.331267,3500,670,4607,Paid,2026-04-15 14:14:29.331267
101,15,4,2025-04-01 14:14:29.331267,4500,425,5236,Paid,2025-04-30 14:14:29.331267
102,15,4,2025-05-01 14:14:29.331267,4500,586,5745,Paid,2025-05-15 14:14:29.331267
103,15,4,2025-05-01 14:14:29.331267,4500,9,5235,Paid,
104,15,4,2025-06-01 14:14:29.331267,4500,457,5976,Pending,2025-07-13 14:14:29.331267
105,15,4,2025-07-01 14:14:29.331267,4500,739,4592,Paid,2025-08-27 14:14:29.331267
106,15,4,2025-08-01 14:14:29.331267,4500,1013,4874,Paid,2025-09-09 14:14:29.331267
107,15,4,2025-09-01 14:14:29.331267,4500,753,5955,Paid,2025-10-21 14:14:29.331267
108,15,4,2025-10-01 14:14:29.331267,4500,404,5351,Paid,2025-11-23 14:14:29.331267
109,15,4,2025-11-01 14:14:29.331267,4500,442,4754,Paid,2025-12-03 14:14:29.331267
110,15,4,2025-12-01 14:14:29.331267,4500,234,5881,Paid,2026-01-05 14:14:29.331267
111,15,4,2026-01-01 14:14:29.331267,4500,75,5021,Paid,2026-02-18 14:14:29.331267
112,15,4,2026-02-01 14:14:29.331267,4500,513,4857,Paid,2026-02-27 14:14:29.331267
113,15,4,2026-03-01 14:14:29.331267,4500,1166,5172,Paid,2026-03-31 14:14:29.331267
114,16,2,2025-05-01 14:14:29.331267,5500,248,6053,Paid,2025-05-22 14:14:29.331267
115,16,2,2025-05-01 14:14:29.331267,5500,1432,5697,Paid,2025-06-07 14:14:29.331267
116,16,2,2025-06-01 14:14:29.331267,5500,1113,5744,Paid,2025-07-22 14:14:29.331267
117,16,2,2025-07-01 14:14:29.331267,5500,1399,5869,Paid,2025-08-12 14:14:29.331267
118,16,2,2025-08-01 14:14:29.331267,5500,458,6986,Pending,2025-09-23 14:14:29.331267
119,16,2,2025-09-01 14:14:29.331267,5500,79,6982,Paid,2025-10-01 14:14:29.331267
120,16,2,2025-10-01 14:14:29.331267,5500,1378,5653,Paid,2025-11-05 14:14:29.331267
121,16,2,2025-11-01 14:14:29.331267,5500,668,6861,Paid,2025-11-28 14:14:29.331267
122,16,2,2025-12-01 14:14:29.331267,5500,77,6401,Paid,2025-12-28 14:14:29.331267
123,16,2,2026-01-01 14:14:29.331267,5500,244,5812,Paid,2026-02-17 14:14:29.331267
124,16,2,2026-02-01 14:14:29.331267,5500,374,6702,Paid,2026-03-18 14:14:29.331267
125,16,2,2026-03-01 14:14:29.331267,5500,1341,5681,Paid,2026-03-29 14:14:29.331267
126,17,4,2025-07-01 14:14:29.331267,4500,581,5344,Paid,2025-07-07 14:14:29.331267
127,17,4,2025-07-01 14:14:29.331267,4500,829,5492,Paid,2025-08-01 14:14:29.331267
128,17,4,2025-08-01 14:14:29.331267,4500,802,4928,Pending,2025-09-19 14:14:29.331267
129,17,4,2025-09-01 14:14:29.331267,4500,294,5021,Paid,2025-10-17 14:14:29.331267
130,17,4,2025-10-01 14:14:29.331267,4500,56,4997,Paid,
131,17,4,2025-11-01 14:14:29.331267,4500,1219,5535,Paid,2025-12-28 14:14:29.331267
132,17,4,2025-12-01 14:14:29.331267,4500,1060,5895,Paid,2026-01-23 14:14:29.331267
133,17,4,2026-01-01 14:14:29.331267,4500,1168,5555,Paid,2026-01-30 14:14:29.331267
134,17,4,2026-02-01 14:14:29.331267,4500,54,5245,Paid,2026-03-17 14:14:29.331267
135,17,4,2026-03-01 14:14:29.331267,4500,1025,4729,Paid,2026-04-20 14:14:29.331267
136,18,5,2025-07-01 14:14:29.331267,5500,965,5626,Paid,2025-07-17 14:14:29.331267
137,18,5,2025-07-01 14:14:29.331267,5500,118,6342,Paid,2025-08-09 14:14:29.331267
138,18,5,2025-08-01 14:14:29.331267,5500,19,5781,Paid,
139,18,5,2025-09-01 14:14:29.331267,5500,47,6986,Paid,2025-10-02 14:14:29.331267
140,18,5,2025-10-01 14:14:29.331267,5500,337,6617,Pending,2025-11-28 14:14:29.331267
141,18,5,2025-11-01 14:14:29.331267,5500,1215,6923,Paid,2025-12-26 14:14:29.331267
142,18,5,2025-12-01 14:14:29.331267,5500,585,5725,Paid,2025-12-31 14:14:29.331267
143,18,5,2026-01-01 14:14:29.331267,5500,815,6246,Paid,2026-01-29 14:14:29.331267
144,18,5,2026-02-01 14:14:29.331267,5500,545,5622,Paid,2026-03-26 14:14:29.331267
145,18,5,2026-03-01 14:14:29.331267,5500,873,6850,Paid,2026-04-01 14:14:29.331267
146,19,1,2025-12-01 14:14:29.331267,7500,1266,7834,Paid,2025-12-20 14:14:29.331267
147,19,1,2025-12-01 14:14:29.331267,7500,38,8921,Paid,2026-01-29 14:14:29.331267
148,19,1,2026-01-01 14:14:29.331267,7500,1410,7711,Paid,2026-02-23 14:14:29.331267
149,19,1,2026-03-01 14:14:29.331267,7500,144,8524,Paid,2026-03-06 14:14:29.331267
150,20,4,2026-02-01 14:14:29.331267,6500,635,7092,Paid,2026-02-26 14:14:29.331267
151,20,4,2026-03-01 14:14:29.331267,6500,18,6725,Paid,2026-03-10 14:14:29.331267
152,21,2,2025-04-01 14:14:29.331267,7500,881,8553,Paid,2025-04-02 14:14:29.331267
153,21,2,2025-05-01 14:14:29.331267,7500,921,8107,Paid,2025-05-29 14:14:29.331267
154,21,2,2025-05-01 14:14:29.331267,7500,845,8742,Pending,2025-06-10 14:14:29.331267
155,21,2,2025-06-01 14:14:29.331267,7500,757,8623,Paid,2025-07-20 14:14:29.331267
156,21,2,2025-07-01 14:14:29.331267,7500,327,7836,Paid,2025-08-04 14:14:29.331267
157,21,2,2025-08-01 14:14:29.331267,7500,473,8632,Paid,2025-09-23 14:14:29.331267
158,21,2,2025-09-01 14:14:29.331267,7500,1080,8318,Paid,2025-10-16 14:14:29.331267
159,21,2,2025-10-01 14:14:29.331267,7500,630,8426,Paid,2025-11-02 14:14:29.331267
160,21,2,2025-11-01 14:14:29.331267,7500,109,7955,Paid,2025-12-08 14:14:29.331267
161,21,2,2025-12-01 14:14:29.331267,7500,1263,8565,Pending,2026-01-24 14:14:29.331267
162,21,2,2026-01-01 14:14:29.331267,7500,674,7797,Paid,2026-01-29 14:14:29.331267
163,21,2,2026-02-01 14:14:29.331267,7500,116,7792,Paid,2026-03-06 14:14:29.331267
164,21,2,2026-03-01 14:14:29.331267,7500,507,7998,Pending,2026-04-25 14:14:29.331267
165,22,5,2026-01-01 14:14:29.331267,4500,632,4592,Paid,2026-01-30 14:14:29.331267
166,22,5,2026-01-01 14:14:29.331267,4500,1355,5437,Paid,2026-02-01 14:14:29.331267
167,22,5,2026-03-01 14:14:29.331267,4500,1006,5216,Paid,2026-03-13 14:14:29.331267
168,22,5,2026-04-01 14:14:29.331267,4500,1151,5658,Paid,2026-04-09 14:14:29.331267
169,22,5,2026-05-01 14:14:29.331267,4500,223,5788,Overdue,
170,22,5,2026-05-01 14:14:29.331267,4500,1132,5230,Paid,2026-06-06 14:14:29.331267
171,22,5,2026-06-01 14:14:29.331267,4500,530,5433,Paid,2026-07-15 14:14:29.331267
172,22,5,2026-07-01 14:14:29.331267,4500,1099,5024,Paid,2026-08-07 14:14:29.331267
173,23,4,2025-07-01 14:14:29.331267,6500,1247,6576,Paid,2025-07-03 14:14:29.331267
174,23,4,2025-07-01 14:14:29.331267,6500,1360,7719,Paid,2025-08-20 14:14:29.331267
175,23,4,2025-08-01 14:14:29.331267,6500,770,7979,Pending,
176,23,4,2025-09-01 14:14:29.331267,6500,816,6767,Paid,
177,23,4,2025-10-01 14:14:29.331267,6500,852,6575,Paid,2025-11-27 14:14:29.331267
178,23,4,2025-11-01 14:14:29.331267,6500,1275,6644,Paid,2025-12-18 14:14:29.331267
179,23,4,2025-12-01 14:14:29.331267,6500,444,6923,Paid,2026-01-05 14:14:29.331267
180,23,4,2026-01-01 14:14:29.331267,6500,301,6935,Paid,2026-02-19 14:14:29.331267
181,23,4,2026-02-01 14:14:29.331267,6500,1253,6858,Paid,2026-03-23 14:14:29.331267
182,23,4,2026-03-01 14:14:29.331267,6500,511,7616,Paid,2026-04-11 14:14:29.331267
183,24,1,2026-02-01 14:14:29.331267,5500,1329,6098,Paid,2026-02-10 14:14:29.331267
184,24,1,2026-03-01 14:14:29.331267,5500,1334,5653,Paid,2026-03-10 14:14:29.331267
185,25,1,2026-03-01 14:14:29.331267,6500,845,7201,Paid,2026-03-27 14:14:29.331267
186,26,3,2026-01-01 14:14:29.331267,3500,36,4511,Paid,2026-01-29 14:14:29.331267
187,26,3,2026-01-01 14:14:29.331267,3500,264,3903,Paid,2026-02-22 14:14:29.331267
188,26,3,2026-03-01 14:14:29.331267,3500,994,4816,Paid,2026-03-03 14:14:29.331267
189,27,3,2025-10-01 14:14:29.331267,6500,1447,7718,Paid,2025-10-25 14:14:29.331267
190,27,3,2025-10-01 14:14:29.331267,6500,607,7341,Paid,2025-11-02 14:14:29.331267
191,27,3,2025-11-01 14:14:29.331267,6500,1036,6828,Paid,2025-12-22 14:14:29.331267
192,27,3,2025-12-01 14:14:29.331267,6500,322,7537,Pending,2026-01-20 14:14:29.331267
193,27,3,2026-01-01 14:14:29.331267,6500,1231,6504,Paid,2026-02-24 14:14:29.331267
194,27,3,2026-02-01 14:14:29.331267,6500,300,7203,Paid,2026-03-15 14:14:29.331267
195,27,3,2026-03-01 14:14:29.331267,6500,915,6848,Paid,2026-04-02 14:14:29.331267
196,27,3,2026-04-01 14:14:29.331267,6500,1290,7922,Paid,2026-05-05 14:14:29.331267
197,27,3,2026-05-01 14:14:29.331267,6500,1342,6524,Pending,2026-06-06 14:14:29.331267
198,27,3,2026-06-01 14:14:29.331267,6500,950,6718,Pending,2026-07-07 14:14:29.331267
199,27,3,2026-07-01 14:14:29.331267,6500,810,7458,Paid,2026-08-06 14:14:29.331267
200,28,2,2025-07-01 14:14:29.331267,3500,98,3793,Paid,2025-07-02 14:14:29.331267
201,28,2,2025-07-01 14:14:29.331267,3500,417,4937,Paid,2025-08-16 14:14:29.331267
202,28,2,2025-08-01 14:14:29.331267,3500,792,3913,Paid,2025-09-05 14:14:29.331267
203,28,2,2025-09-01 14:14:29.331267,3500,309,3536,Paid,2025-10-23 14:14:29.331267
204,28,2,2025-10-01 14:14:29.331267,3500,521,3807,Paid,2025-11-10 14:14:29.331267
205,28,2,2025-11-01 14:14:29.331267,3500,521,4685,Pending,2025-12-25 14:14:29.331267
206,28,2,2025-12-01 14:14:29.331267,3500,893,3504,Paid,2026-01-09 14:14:29.331267
207,28,2,2026-01-01 14:14:29.331267,3500,339,3769,Overdue,2026-01-31 14:14:29.331267
208,28,2,2026-02-01 14:14:29.331267,3500,615,4670,Paid,2026-03-26 14:14:29.331267
209,28,2,2026-03-01 14:14:29.331267,3500,743,4079,Pending,2026-04-11 14:14:29.331267
210,29,4,2025-11-01 14:14:29.331267,6500,1237,6519,Paid,
211,29,4,2025-12-01 14:14:29.331267,6500,1260,6594,Pending,2025-12-04 14:14:29.331267
212,29,4,2025-12-01 14:14:29.331267,6500,917,7916,Paid,2026-01-17 14:14:29.331267
213,29,4,2026-01-01 14:14:29.331267,6500,662,7103,Paid,2026-02-10 14:14:29.331267
214,29,4,2026-03-01 14:14:29.331267,6500,1039,7535,Paid,
215,30,4,2026-01-01 14:14:29.331267,3500,698,4845,Paid,2026-01-22 14:14:29.331267
216,30,4,2026-01-01 14:14:29.331267,3500,340,4177,Paid,2026-02-20 14:14:29.331267
217,30,4,2026-03-01 14:14:29.331267,3500,716,3691,Paid,2026-03-08 14:14:29.331267
218,31,3,2025-08-01 14:14:29.331267,4500,1010,4566,Paid,2025-08-26 14:14:29.331267
219,31,3,2025-08-01 14:14:29.331267,4500,887,5976,Overdue,2025-09-13 14:14:29.331267
220,31,3,2025-09-01 14:14:29.331267,4500,1111,4805,Paid,2025-10-14 14:14:29.331267
221,31,3,2025-10-01 14:14:29.331267,4500,304,5039,Paid,2025-11-02 14:14:29.331267
222,31,3,2025-11-01 14:14:29.331267,4500,212,5858,Paid,2025-12-14 14:14:29.331267
223,31,3,2025-12-01 14:14:29.331267,4500,195,4502,Paid,2026-01-14 14:14:29.331267
224,31,3,2026-01-01 14:14:29.331267,4500,381,5038,Paid,2026-02-19 14:14:29.331267
225,31,3,2026-02-01 14:14:29.331267,4500,1167,4673,Paid,2026-03-11 14:14:29.331267
226,31,3,2026-03-01 14:14:29.331267,4500,1158,5331,Pending,2026-04-18 14:14:29.331267
227,31,3,2026-04-01 14:14:29.331267,4500,330,5976,Paid,2026-05-15 14:14:29.331267
228,32,4,2025-04-01 14:14:29.331267,7500,759,7865,Paid,2025-04-18 14:14:29.331267
229,32,4,2025-05-01 14:14:29.331267,7500,1191,7772,Paid,2025-05-02 14:14:29.331267
230,32,4,2025-05-01 14:14:29.331267,7500,1390,7559,Paid,2025-06-09 14:14:29.331267
231,32,4,2025-06-01 14:14:29.331267,7500,805,8542,Paid,2025-07-20 14:14:29.331267
232,32,4,2025-07-01 14:14:29.331267,7500,1216,7702,Paid,2025-08-01 14:14:29.331267
233,32,4,2025-08-01 14:14:29.331267,7500,940,8466,Paid,
234,32,4,2025-09-01 14:14:29.331267,7500,323,8664,Paid,2025-10-18 14:14:29.331267
235,32,4,2025-10-01 14:14:29.331267,7500,1222,8819,Paid,
236,32,4,2025-11-01 14:14:29.331267,7500,1010,7546,Paid,2025-12-18 14:14:29.331267
237,32,4,2025-12-01 14:14:29.331267,7500,1437,7591,Paid,2025-12-29 14:14:29.331267
238,32,4,2026-01-01 14:14:29.331267,7500,1093,7631,Paid,2026-02-11 14:14:29.331267
239,32,4,2026-02-01 14:14:29.331267,7500,1295,7725,Pending,2026-03-18 14:14:29.331267
240,32,4,2026-03-01 14:14:29.331267,7500,228,8106,Paid,2026-03-30 14:14:29.331267
241,33,4,2025-06-01 14:14:29.331267,5500,125,6505,Paid,
242,33,4,2025-07-01 14:14:29.331267,5500,1096,5847,Paid,2025-07-18 14:14:29.331267
243,33,4,2025-07-01 14:14:29.331267,5500,160,5972,Paid,2025-08-20 14:14:29.331267
244,33,4,2025-08-01 14:14:29.331267,5500,1211,5750,Paid,2025-08-31 14:14:29.331267
245,33,4,2025-09-01 14:14:29.331267,5500,416,5883,Paid,2025-10-02 14:14:29.331267
246,33,4,2025-10-01 14:14:29.331267,5500,357,6634,Paid,2025-11-03 14:14:29.331267
247,33,4,2025-11-01 14:14:29.331267,5500,1250,5990,Paid,2025-12-18 14:14:29.331267
248,33,4,2025-12-01 14:14:29.331267,5500,288,6494,Paid,2025-12-31 14:14:29.331267
249,33,4,2026-01-01 14:14:29.331267,5500,822,6920,Paid,
250,33,4,2026-02-01 14:14:29.331267,5500,1488,6593,Paid,2026-03-26 14:14:29.331267
251,33,4,2026-03-01 14:14:29.331267,5500,137,5979,Paid,2026-04-03 14:14:29.331267
252,34,1,2026-03-01 14:14:29.331267,6500,12,6872,Paid,2026-03-11 14:14:29.331267
253,35,3,2025-11-01 14:14:29.331267,7500,1378,8102,Paid,2025-11-02 14:14:29.331267
254,35,3,2025-12-01 14:14:29.331267,7500,626,7619,Paid,2025-12-30 14:14:29.331267
255,35,3,2025-12-01 14:14:29.331267,7500,1176,8251,Paid,2026-01-07 14:14:29.331267
256,35,3,2026-01-01 14:14:29.331267,7500,698,8307,Overdue,2026-02-23 14:14:29.331267
257,35,3,2026-03-01 14:14:29.331267,7500,1201,7895,Paid,2026-03-17 14:14:29.331267
258,36,5,2025-09-01 14:14:29.331267,5500,1365,5884,Paid,2025-09-05 14:14:29.331267
259,36,5,2025-10-01 14:14:29.331267,5500,1408,6856,Paid,2025-10-19 14:14:29.331267
260,36,5,2025-10-01 14:14:29.331267,5500,1246,6894,Pending,2025-11-23 14:14:29.331267
261,36,5,2025-11-01 14:14:29.331267,5500,1048,6301,Paid,2025-12-22 14:14:29.331267
262,36,5,2025-12-01 14:14:29.331267,5500,1086,6098,Overdue,2026-01-16 14:14:29.331267
263,36,5,2026-01-01 14:14:29.331267,5500,1210,5702,Paid,2026-02-28 14:14:29.331267
264,36,5,2026-02-01 14:14:29.331267,5500,1152,6013,Paid,2026-03-25 14:14:29.331267
265,36,5,2026-03-01 14:14:29.331267,5500,287,6585,Paid,2026-04-06 14:14:29.331267
266,37,3,2025-08-01 14:14:29.331267,5500,1188,6424,Paid,
267,37,3,2025-08-01 14:14:29.331267,5500,947,6774,Paid,2025-09-27 14:14:29.331267
268,37,3,2025-09-01 14:14:29.331267,5500,1079,6670,Paid,
269,37,3,2025-10-01 14:14:29.331267,5500,1470,6133,Paid,2025-11-09 14:14:29.331267
270,37,3,2025-11-01 14:14:29.331267,5500,842,6082,Pending,2025-12-22 14:14:29.331267
271,37,3,2025-12-01 14:14:29.331267,5500,1467,6890,Paid,2026-01-24 14:14:29.331267
272,37,3,2026-01-01 14:14:29.331267,5500,877,6298,Paid,2026-02-01 14:14:29.331267
273,37,3,2026-02-01 14:14:29.331267,5500,442,6072,Paid,2026-03-10 14:14:29.331267
274,37,3,2026-03-01 14:14:29.331267,5500,124,6754,Paid,2026-04-21 14:14:29.331267
275,38,5,2025-06-01 14:14:29.331267,3500,944,4050,Paid,2025-06-19 14:14:29.331267
276,38,5,2025-07-01 14:14:29.331267,3500,703,4009,Paid,2025-07-05 14:14:29.331267
277,38,5,2025-07-01 14:14:29.331267,3500,39,4412,Paid,2025-08-19 14:14:29.331267
278,38,5,2025-08-01 14:14:29.331267,3500,225,4541,Paid,2025-09-09 14:14:29.331267
279,38,5,2025-09-01 14:14:29.331267,3500,678,3776,Paid,2025-10-25 14:14:29.331267
280,38,5,2025-10-01 14:14:29.331267,3500,257,4556,Paid,2025-11-04 14:14:29.331267
281,38,5,2025-11-01 14:14:29.331267,3500,489,3699,Paid,2025-12-12 14:14:29.331267
282,38,5,2025-12-01 14:14:29.331267,3500,4,4834,Paid,2026-01-25 14:14:29.331267
283,38,5,2026-01-01 14:14:29.331267,3500,292,3544,Pending,2026-02-24 14:14:29.331267
284,38,5,2026-02-01 14:14:29.331267,3500,612,4400,Paid,2026-03-14 14:14:29.331267
285,38,5,2026-03-01 14:14:29.331267,3500,1430,4032,Paid,
286,39,1,2025-07-01 14:14:29.331267,4500,685,5463,Paid,
287,39,1,2025-07-01 14:14:29.331267,4500,54,4723,Paid,2025-08-05 14:14:29.331267
288,39,1,2025-08-01 14:14:29.331267,4500,1224,5756,Paid,2025-09-27 14:14:29.331267
289,39,1,2025-09-01 14:14:29.331267,4500,422,5399,Pending,2025-10-19 14:14:29.331267
290,39,1,2025-10-01 14:14:29.331267,4500,352,5643,Paid,
291,39,1,2025-11-01 14:14:29.331267,4500,680,5754,Paid,2025-12-17 14:14:29.331267
292,39,1,2025-12-01 14:14:29.331267,4500,803,5081,Paid,2026-01-09 14:14:29.331267
293,39,1,2026-01-01 14:14:29.331267,4500,660,5978,Paid,2026-02-08 14:14:29.331267
294,39,1,2026-02-01 14:14:29.331267,4500,1439,4621,Paid,2026-03-07 14:14:29.331267
295,39,1,2026-03-01 14:14:29.331267,4500,1351,4879,Paid,2026-04-05 14:14:29.331267
296,40,2,2025-09-01 14:14:29.331267,4500,1140,4765,Paid,2025-09-04 14:14:29.331267
297,40,2,2025-10-01 14:14:29.331267,4500,678,4834,Paid,2025-10-21 14:14:29.331267
298,40,2,2025-10-01 14:14:29.331267,4500,6,4536,Paid,2025-11-28 14:14:29.331267
299,40,2,2025-11-01 14:14:29.331267,4500,295,5915,Overdue,2025-12-08 14:14:29.331267
300,40,2,2025-12-01 14:14:29.331267,4500,873,4574,Paid,
301,40,2,2026-01-01 14:14:29.331267,4500,425,5959,Paid,2026-02-25 14:14:29.331267
302,40,2,2026-02-01 14:14:29.331267,4500,705,4565,Paid,2026-03-20 14:14:29.331267
303,40,2,2026-03-01 14:14:29.331267,4500,300,5271,Pending,
304,41,4,2025-05-01 14:14:29.331267,7500,290,8579,Paid,2025-05-02 14:14:29.331267
305,41,4,2025-05-01 14:14:29.331267,7500,1333,8483,Paid,2025-06-20 14:14:29.331267
306,41,4,2025-06-01 14:14:29.331267,7500,492,7996,Paid,2025-07-10 14:14:29.331267
307,41,4,2025-07-01 14:14:29.331267,7500,1290,8910,Pending,2025-08-28 14:14:29.331267
308,41,4,2025-08-01 14:14:29.331267,7500,1120,8154,Paid,2025-09-17 14:14:29.331267
309,41,4,2025-09-01 14:14:29.331267,7500,522,8955,Paid,
310,41,4,2025-10-01 14:14:29.331267,7500,835,8162,Pending,2025-11-01 14:14:29.331267
311,41,4,2025-11-01 14:14:29.331267,7500,92,7652,Paid,2025-12-22 14:14:29.331267
312,41,4,2025-12-01 14:14:29.331267,7500,709,8929,Paid,2026-01-25 14:14:29.331267
313,41,4,2026-01-01 14:14:29.331267,7500,1256,8875,Paid,2026-02-02 14:14:29.331267
314,41,4,2026-02-01 14:14:29.331267,7500,64,8243,Paid,2026-02-28 14:14:29.331267
315,41,4,2026-03-01 14:14:29.331267,7500,1245,8902,Paid,2026-04-19 14:14:29.331267
316,42,1,2025-05-01 14:14:29.331267,4500,328,5518,Paid,2025-05-09 14:14:29.331267
317,42,1,2025-05-01 14:14:29.331267,4500,492,4911,Paid,2025-06-17 14:14:29.331267
318,42,1,2025-06-01 14:14:29.331267,4500,1013,5420,Paid,2025-07-19 14:14:29.331267
319,42,1,2025-07-01 14:14:29.331267,4500,1439,4724,Paid,2025-08-08 14:14:29.331267
320,42,1,2025-08-01 14:14:29.331267,4500,1212,5308,Paid,2025-09-18 14:14:29.331267
321,42,1,2025-09-01 14:14:29.331267,4500,693,4896,Pending,2025-10-11 14:14:29.331267
322,42,1,2025-10-01 14:14:29.331267,4500,305,5745,Overdue,2025-11-21 14:14:29.331267
323,42,1,2025-11-01 14:14:29.331267,4500,887,5743,Overdue,2025-12-05 14:14:29.331267
324,42,1,2025-12-01 14:14:29.331267,4500,1431,5138,Pending,2026-01-18 14:14:29.331267
325,42,1,2026-01-01 14:14:29.331267,4500,899,5351,Paid,2026-01-28 14:14:29.331267
326,42,1,2026-02-01 14:14:29.331267,4500,198,5240,Paid,2026-03-01 14:14:29.331267
327,42,1,2026-03-01 14:14:29.331267,4500,719,5261,Paid,2026-03-28 14:14:29.331267
328,43,4,2025-10-01 14:14:29.331267,6500,1270,6928,Paid,2025-10-09 14:14:29.331267
329,43,4,2025-10-01 14:14:29.331267,6500,1435,6853,Paid,2025-11-25 14:14:29.331267
330,43,4,2025-11-01 14:14:29.331267,6500,1465,6504,Paid,2025-12-19 14:14:29.331267
331,43,4,2025-12-01 14:14:29.331267,6500,41,6940,Paid,
332,43,4,2026-01-01 14:14:29.331267,6500,1432,6968,Paid,2026-02-02 14:14:29.331267
333,43,4,2026-02-01 14:14:29.331267,6500,1009,7638,Paid,2026-03-30 14:14:29.331267
334,43,4,2026-03-01 14:14:29.331267,6500,395,7578,Paid,2026-04-15 14:14:29.331267
335,44,2,2025-05-01 14:14:29.331267,4500,1026,5807,Paid,2025-05-10 14:14:29.331267
336,44,2,2025-05-01 14:14:29.331267,4500,850,5012,Paid,2025-06-17 14:14:29.331267
337,44,2,2025-06-01 14:14:29.331267,4500,639,5587,Pending,2025-07-15 14:14:29.331267
338,44,2,2025-07-01 14:14:29.331267,4500,1122,5681,Paid,2025-08-02 14:14:29.331267
339,44,2,2025-08-01 14:14:29.331267,4500,522,4814,Paid,2025-09-22 14:14:29.331267
340,44,2,2025-09-01 14:14:29.331267,4500,1340,4542,Paid,2025-10-08 14:14:29.331267
341,44,2,2025-10-01 14:14:29.331267,4500,1471,5084,Paid,2025-11-23 14:14:29.331267
342,44,2,2025-11-01 14:14:29.331267,4500,305,5931,Paid,2025-12-18 14:14:29.331267
343,44,2,2025-12-01 14:14:29.331267,4500,1007,5702,Paid,2026-01-08 14:14:29.331267
344,44,2,2026-01-01 14:14:29.331267,4500,680,5998,Paid,
345,44,2,2026-02-01 14:14:29.331267,4500,406,4658,Paid,2026-03-19 14:14:29.331267
346,44,2,2026-03-01 14:14:29.331267,4500,813,5451,Paid,2026-03-28 14:14:29.331267
347,45,2,2025-09-01 14:14:29.331267,7500,975,8376,Paid,2025-09-17 14:14:29.331267
348,45,2,2025-10-01 14:14:29.331267,7500,644,8445,Paid,2025-10-24 14:14:29.331267
349,45,2,2025-10-01 14:14:29.331267,7500,1138,7773,Paid,
350,45,2,2025-11-01 14:14:29.331267,7500,1125,7579,Pending,2025-12-25 14:14:29.331267
351,45,2,2025-12-01 14:14:29.331267,7500,654,8029,Paid,2026-01-02 14:14:29.331267
352,45,2,2026-01-01 14:14:29.331267,7500,1234,8667,Paid,2026-02-19 14:14:29.331267
353,45,2,2026-02-01 14:14:29.331267,7500,1387,8070,Paid,2026-03-26 14:14:29.331267
354,45,2,2026-03-01 14:14:29.331267,7500,433,7819,Paid,2026-04-11 14:14:29.331267
355,46,1,2025-09-01 14:14:29.331267,4500,1123,5888,Paid,2025-09-23 14:14:29.331267
356,46,1,2025-10-01 14:14:29.331267,4500,378,5026,Paid,2025-10-31 14:14:29.331267
357,46,1,2025-10-01 14:14:29.331267,4500,496,5316,Paid,2025-11-29 14:14:29.331267
358,46,1,2025-11-01 14:14:29.331267,4500,1231,5408,Paid,2025-12-03 14:14:29.331267
359,46,1,2025-12-01 14:14:29.331267,4500,487,5650,Paid,2026-01-05 14:14:29.331267
360,46,1,2026-01-01 14:14:29.331267,4500,1024,4573,Paid,2026-02-14 14:14:29.331267
361,46,1,2026-02-01 14:14:29.331267,4500,653,5949,Paid,2026-03-11 14:14:29.331267
362,46,1,2026-03-01 14:14:29.331267,4500,1165,5496,Paid,2026-04-09 14:14:29.331267
363,47,2,2026-02-01 14:14:29.331267,6500,512,6807,Pending,2026-02-20 14:14:29.331267
364,47,2,2026-03-01 14:14:29.331267,6500,83,7727,Paid,2026-03-30 14:14:29.331267
365,48,5,2025-08-01 14:14:29.331267,3500,1475,3526,Paid,2025-08-23 14:14:29.331267
366,48,5,2025-08-01 14:14:29.331267,3500,1356,4305,Pending,2025-09-27 14:14:29.331267
367,48,5,2025-09-01 14:14:29.331267,3500,1415,3746,Pending,2025-10-19 14:14:29.331267
368,48,5,2025-10-01 14:14:29.331267,3500,809,4486,Paid,2025-11-16 14:14:29.331267
369,48,5,2025-11-01 14:14:29.331267,3500,1302,3722,Pending,2025-12-12 14:14:29.331267
370,48,5,2025-12-01 14:14:29.331267,3500,1121,3959,Paid,2026-01-15 14:14:29.331267
371,48,5,2026-01-01 14:14:29.331267,3500,65,3578,Paid,2026-02-19 14:14:29.331267
372,48,5,2026-02-01 14:14:29.331267,3500,724,4801,Paid,2026-03-11 14:14:29.331267
373,48,5,2026-03-01 14:14:29.331267,3500,122,4288,Paid,
374,49,2,2025-04-01 14:14:29.331267,7500,920,8441,Pending,2025-04-13 14:14:29.331267
375,49,2,2025-05-01 14:14:29.331267,7500,477,7665,Paid,2025-05-28 14:14:29.331267
376,49,2,2025-05-01 14:14:29.331267,7500,539,8567,Paid,2025-06-02 14:14:29.331267
377,49,2,2025-06-01 14:14:29.331267,7500,951,8551,Pending,2025-07-01 14:14:29.331267
378,49,2,2025-07-01 14:14:29.331267,7500,891,7591,Paid,2025-08-09 14:14:29.331267
379,49,2,2025-08-01 14:14:29.331267,7500,880,8145,Paid,2025-08-30 14:14:29.331267
380,49,2,2025-09-01 14:14:29.331267,7500,110,8356,Paid,2025-10-27 14:14:29.331267
381,49,2,2025-10-01 14:14:29.331267,7500,779,8813,Paid,2025-11-21 14:14:29.331267
382,49,2,2025-11-01 14:14:29.331267,7500,1198,8187,Pending,
383,49,2,2025-12-01 14:14:29.331267,7500,197,8951,Paid,2025-12-30 14:14:29.331267
384,49,2,2026-01-01 14:14:29.331267,7500,1097,8327,Paid,2026-02-09 14:14:29.331267
385,49,2,2026-02-01 14:14:29.331267,7500,1321,7535,Paid,2026-03-09 14:14:29.331267
386,49,2,2026-03-01 14:14:29.331267,7500,1261,8490,Paid,2026-04-25 14:14:29.331267
387,50,4,2025-11-01 14:14:29.331267,3500,375,3787,Paid,2025-11-20 14:14:29.331267
388,50,4,2025-12-01 14:14:29.331267,3500,816,4369,Paid,2025-12-31 14:14:29.331267
389,50,4,2025-12-01 14:14:29.331267,3500,1059,3765,Paid,2026-01-01 14:14:29.331267
390,50,4,2026-01-01 14:14:29.331267,3500,592,4277,Paid,2026-02-21 14:14:29.331267
391,50,4,2026-03-01 14:14:29.331267,3500,374,4663,Paid,2026-03-25 14:14:29.331267
392,51,4,2025-12-01 14:14:29.331267,3500,57,4075,Paid,2025-12-06 14:14:29.331267
393,51,4,2025-12-01 14:14:29.331267,3500,130,4749,Pending,2026-01-27 14:14:29.331267
394,51,4,2026-01-01 14:14:29.331267,3500,1356,4001,Paid,2026-02-16 14:14:29.331267
395,52,4,2025-06-01 14:14:29.331267,3500,916,4917,Paid,2025-06-28 14:14:29.331267
396,52,4,2025-07-01 14:14:29.331267,3500,346,4095,Paid,2025-07-22 14:14:29.331267
397,52,4,2025-07-01 14:14:29.331267,3500,1157,4637,Paid,2025-08-06 14:14:29.331267
398,52,4,2025-08-01 14:14:29.331267,3500,547,4516,Paid,2025-09-03 14:14:29.331267
399,52,4,2025-09-01 14:14:29.331267,3500,798,4436,Paid,2025-10-07 14:14:29.331267
400,52,4,2025-10-01 14:14:29.331267,3500,1181,3889,Paid,2025-11-16 14:14:29.331267
401,52,4,2025-11-01 14:14:29.331267,3500,233,4063,Paid,2025-12-18 14:14:29.331267
402,52,4,2025-12-01 14:14:29.331267,3500,982,4592,Paid,2026-01-02 14:14:29.331267
403,52,4,2026-01-01 14:14:29.331267,3500,495,4400,Paid,2026-02-23 14:14:29.331267
404,52,4,2026-02-01 14:14:29.331267,3500,103,4784,Paid,2026-03-02 14:14:29.331267
405,52,4,2026-03-01 14:14:29.331267,3500,571,4217,Paid,2026-04-03 14:14:29.331267
406,53,4,2025-10-01 14:14:29.331267,5500,1032,6888,Paid,2025-10-18 14:14:29.331267
407,53,4,2025-10-01 14:14:29.331267,5500,645,6487,Paid,2025-11-14 14:14:29.331267
408,53,4,2025-11-01 14:14:29.331267,5500,1343,5883,Paid,2025-12-07 14:14:29.331267
409,53,4,2025-12-01 14:14:29.331267,5500,823,6173,Paid,
410,53,4,2026-01-01 14:14:29.331267,5500,234,6875,Paid,2026-02-01 14:14:29.331267
411,53,4,2026-02-01 14:14:29.331267,5500,1007,5908,Paid,2026-03-15 14:14:29.331267
412,53,4,2026-03-01 14:14:29.331267,5500,35,6530,Pending,2026-04-12 14:14:29.331267
413,54,5,2025-05-01 14:14:29.331267,5500,150,6869,Paid,2025-05-17 14:14:29.331267
414,54,5,2025-05-01 14:14:29.331267,5500,1491,6388,Paid,2025-06-05 14:14:29.331267
415,54,5,2025-06-01 14:14:29.331267,5500,889,5971,Paid,2025-07-02 14:14:29.331267
416,54,5,2025-07-01 14:14:29.331267,5500,466,6946,Paid,2025-08-02 14:14:29.331267
417,54,5,2025-08-01 14:14:29.331267,5500,699,6657,Paid,2025-09-16 14:14:29.331267
418,54,5,2025-09-01 14:14:29.331267,5500,150,6599,Paid,2025-10-26 14:14:29.331267
419,54,5,2025-10-01 14:14:29.331267,5500,193,5626,Paid,2025-11-24 14:14:29.331267
420,54,5,2025-11-01 14:14:29.331267,5500,546,6366,Paid,2025-12-13 14:14:29.331267
421,54,5,2025-12-01 14:14:29.331267,5500,1278,5970,Pending,2026-01-18 14:14:29.331267
422,54,5,2026-01-01 14:14:29.331267,5500,1409,5718,Paid,2026-02-14 14:14:29.331267
423,54,5,2026-02-01 14:14:29.331267,5500,24,5924,Paid,2026-03-16 14:14:29.331267
424,54,5,2026-03-01 14:14:29.331267,5500,91,6612,Paid,2026-04-19 14:14:29.331267
425,55,3,2026-01-01 14:14:29.331267,3500,1109,4380,Paid,2026-01-29 14:14:29.331267
426,55,3,2026-01-01 14:14:29.331267,3500,1113,4570,Paid,2026-02-02 14:14:29.331267
427,55,3,2026-03-01 14:14:29.331267,3500,101,3975,Paid,2026-03-27 14:14:29.331267
428,55,3,2026-04-01 14:14:29.331267,3500,1397,4021,Paid,2026-04-18 14:14:29.331267
429,55,3,2026-05-01 14:14:29.331267,3500,88,4209,Paid,2026-05-18 14:14:29.331267
430,55,3,2026-05-01 14:14:29.331267,3500,585,3769,Paid,2026-06-06 14:14:29.331267
431,56,1,2025-08-01 14:14:29.331267,7500,1072,8945,Paid,2025-08-07 14:14:29.331267
432,56,1,2025-08-01 14:14:29.331267,7500,1428,7657,Paid,2025-09-25 14:14:29.331267
433,56,1,2025-09-01 14:14:29.331267,7500,1490,7708,Pending,
434,56,1,2025-10-01 14:14:29.331267,7500,371,7900,Paid,2025-11-18 14:14:29.331267
435,56,1,2025-11-01 14:14:29.331267,7500,1434,8115,Paid,2025-12-24 14:14:29.331267
436,56,1,2025-12-01 14:14:29.331267,7500,312,8182,Paid,2026-01-19 14:14:29.331267
437,56,1,2026-01-01 14:14:29.331267,7500,594,8786,Paid,2026-02-06 14:14:29.331267
438,56,1,2026-02-01 14:14:29.331267,7500,1411,8429,Paid,2026-03-20 14:14:29.331267
439,56,1,2026-03-01 14:14:29.331267,7500,854,8026,Paid,2026-04-12 14:14:29.331267
440,57,4,2026-02-01 14:14:29.331267,6500,1373,6755,Paid,
441,57,4,2026-03-01 14:14:29.331267,6500,719,7383,Paid,2026-03-29 14:14:29.331267
442,58,2,2026-02-01 14:14:29.331267,6500,1200,7589,Paid,2026-02-25 14:14:29.331267
443,58,2,2026-03-01 14:14:29.331267,6500,1030,6853,Paid,2026-03-14 14:14:29.331267
444,59,4,2025-10-01 14:14:29.331267,4500,1418,4554,Paid,2025-10-31 14:14:29.331267
445,59,4,2025-10-01 14:14:29.331267,4500,989,4966,Overdue,
446,59,4,2025-11-01 14:14:29.331267,4500,556,5754,Paid,2025-12-10 14:14:29.331267
447,59,4,2025-12-01 14:14:29.331267,4500,1446,5511,Paid,2026-01-06 14:14:29.331267
448,59,4,2026-01-01 14:14:29.331267,4500,82,5480,Paid,2026-02-10 14:14:29.331267
449,59,4,2026-02-01 14:14:29.331267,4500,1058,4628,Paid,2026-03-04 14:14:29.331267
450,59,4,2026-03-01 14:14:29.331267,4500,1320,4897,Paid,2026-04-01 14:14:29.331267
451,60,2,2026-01-01 14:14:29.331267,7500,890,8751,Paid,2026-01-30 14:14:29.331267
452,60,2,2026-01-01 14:14:29.331267,7500,1172,8770,Paid,2026-02-16 14:14:29.331267
453,60,2,2026-03-01 14:14:29.331267,7500,461,7555,Paid,2026-03-22 14:14:29.331267
454,61,2,2025-07-01 14:14:29.331267,5500,1443,5839,Paid,2025-07-30 14:14:29.331267
455,61,2,2025-07-01 14:14:29.331267,5500,1460,6266,Paid,2025-08-18 14:14:29.331267
456,61,2,2025-08-01 14:14:29.331267,5500,739,6201,Overdue,2025-09-03 14:14:29.331267
457,61,2,2025-09-01 14:14:29.331267,5500,1355,5543,Overdue,
458,61,2,2025-10-01 14:14:29.331267,5500,378,5603,Paid,2025-10-31 14:14:29.331267
459,61,2,2025-11-01 14:14:29.331267,5500,886,5564,Paid,2025-12-15 14:14:29.331267
460,61,2,2025-12-01 14:14:29.331267,5500,734,6243,Paid,2026-01-20 14:14:29.331267
461,61,2,2026-01-01 14:14:29.331267,5500,83,5988,Paid,
462,61,2,2026-02-01 14:14:29.331267,5500,310,6456,Paid,
463,61,2,2026-03-01 14:14:29.331267,5500,870,6008,Paid,2026-04-12 14:14:29.331267
464,62,4,2026-03-01 14:14:29.331267,3500,378,4078,Paid,2026-03-13 14:14:29.331267
465,63,5,2025-05-01 14:14:29.331267,4500,1120,4518,Paid,2025-05-26 14:14:29.331267
466,63,5,2025-05-01 14:14:29.331267,4500,1443,5495,Paid,2025-06-28 14:14:29.331267
467,63,5,2025-06-01 14:14:29.331267,4500,628,4858,Paid,2025-07-26 14:14:29.331267
468,63,5,2025-07-01 14:14:29.331267,4500,1394,4968,Paid,2025-08-21 14:14:29.331267
469,63,5,2025-08-01 14:14:29.331267,4500,338,5205,Paid,2025-09-21 14:14:29.331267
470,63,5,2025-09-01 14:14:29.331267,4500,1441,5794,Paid,2025-09-30 14:14:29.331267
471,63,5,2025-10-01 14:14:29.331267,4500,732,5707,Pending,2025-11-15 14:14:29.331267
472,63,5,2025-11-01 14:14:29.331267,4500,737,5079,Paid,2025-12-03 14:14:29.331267
473,63,5,2025-12-01 14:14:29.331267,4500,380,5580,Paid,2026-01-06 14:14:29.331267
474,63,5,2026-01-01 14:14:29.331267,4500,1280,5416,Paid,2026-02-14 14:14:29.331267
475,63,5,2026-02-01 14:14:29.331267,4500,28,4983,Paid,2026-03-02 14:14:29.331267
476,63,5,2026-03-01 14:14:29.331267,4500,850,5128,Paid,2026-04-25 14:14:29.331267
477,64,2,2025-04-01 14:14:29.331267,6500,288,6932,Paid,2025-04-18 14:14:29.331267
478,64,2,2025-05-01 14:14:29.331267,6500,70,7785,Paid,2025-05-12 14:14:29.331267
479,64,2,2025-05-01 14:14:29.331267,6500,538,6616,Paid,2025-06-15 14:14:29.331267
480,64,2,2025-06-01 14:14:29.331267,6500,1070,7906,Paid,2025-07-12 14:14:29.331267
481,64,2,2025-07-01 14:14:29.331267,6500,1064,6884,Paid,2025-08-04 14:14:29.331267
482,64,2,2025-08-01 14:14:29.331267,6500,1079,6886,Paid,2025-09-27 14:14:29.331267
483,64,2,2025-09-01 14:14:29.331267,6500,784,7992,Pending,2025-10-03 14:14:29.331267
484,64,2,2025-10-01 14:14:29.331267,6500,488,7444,Paid,2025-11-18 14:14:29.331267
485,64,2,2025-11-01 14:14:29.331267,6500,1395,7553,Paid,2025-12-12 14:14:29.331267
486,64,2,2025-12-01 14:14:29.331267,6500,28,6843,Paid,2025-12-29 14:14:29.331267
487,64,2,2026-01-01 14:14:29.331267,6500,1008,7362,Paid,2026-02-14 14:14:29.331267
488,64,2,2026-02-01 14:14:29.331267,6500,1304,7913,Paid,
489,64,2,2026-03-01 14:14:29.331267,6500,110,7397,Paid,2026-04-13 14:14:29.331267
490,65,2,2026-03-01 14:14:29.331267,5500,1186,6885,Paid,2026-03-08 14:14:29.331267
491,65,2,2026-03-01 14:14:29.331267,5500,988,5812,Paid,2026-04-17 14:14:29.331267
492,65,2,2026-04-01 14:14:29.331267,5500,1069,6624,Paid,
493,65,2,2026-05-01 14:14:29.331267,5500,957,6655,Paid,
494,65,2,2026-06-01 14:14:29.331267,5500,892,6787,Paid,2026-07-18 14:14:29.331267
495,65,2,2026-07-01 14:14:29.331267,5500,652,6950,Paid,2026-08-28 14:14:29.331267
496,65,2,2026-08-01 14:14:29.331267,5500,270,6562,Paid,2026-09-24 14:14:29.331267
497,65,2,2026-09-01 14:14:29.331267,5500,188,6854,Paid,2026-10-02 14:14:29.331267
498,65,2,2026-10-01 14:14:29.331267,5500,217,6377,Paid,
499,66,4,2025-07-01 14:14:29.331267,5500,59,6119,Pending,2025-07-23 14:14:29.331267
500,66,4,2025-07-01 14:14:29.331267,5500,1252,6557,Paid,2025-08-24 14:14:29.331267
501,66,4,2025-08-01 14:14:29.331267,5500,364,6958,Overdue,2025-09-02 14:14:29.331267
502,66,4,2025-09-01 14:14:29.331267,5500,119,5750,Paid,2025-10-14 14:14:29.331267
503,66,4,2025-10-01 14:14:29.331267,5500,240,6438,Paid,2025-11-09 14:14:29.331267
504,66,4,2025-11-01 14:14:29.331267,5500,293,6974,Overdue,
505,66,4,2025-12-01 14:14:29.331267,5500,713,5920,Paid,2026-01-15 14:14:29.331267
506,66,4,2026-01-01 14:14:29.331267,5500,926,6412,Pending,2026-02-25 14:14:29.331267
507,66,4,2026-02-01 14:14:29.331267,5500,1086,5930,Paid,2026-03-05 14:14:29.331267
508,66,4,2026-03-01 14:14:29.331267,5500,369,6600,Paid,2026-04-22 14:14:29.331267
509,67,2,2025-08-01 14:14:29.331267,3500,222,4107,Paid,2025-08-18 14:14:29.331267
510,67,2,2025-08-01 14:14:29.331267,3500,1416,4415,Paid,2025-09-23 14:14:29.331267
511,67,2,2025-09-01 14:14:29.331267,3500,751,3962,Paid,2025-10-06 14:14:29.331267
512,67,2,2025-10-01 14:14:29.331267,3500,419,3942,Paid,2025-11-25 14:14:29.331267
513,67,2,2025-11-01 14:14:29.331267,3500,1283,4309,Paid,2025-12-15 14:14:29.331267
514,67,2,2025-12-01 14:14:29.331267,3500,311,4677,Paid,2026-01-25 14:14:29.331267
515,67,2,2026-01-01 14:14:29.331267,3500,193,3569,Paid,2026-02-05 14:14:29.331267
516,67,2,2026-02-01 14:14:29.331267,3500,1157,4177,Pending,2026-03-09 14:14:29.331267
517,67,2,2026-03-01 14:14:29.331267,3500,1376,4203,Paid,2026-04-23 14:14:29.331267
518,68,2,2025-05-01 14:14:29.331267,6500,701,7168,Paid,2025-05-04 14:14:29.331267
519,68,2,2025-05-01 14:14:29.331267,6500,684,7572,Overdue,2025-06-17 14:14:29.331267
520,68,2,2025-06-01 14:14:29.331267,6500,962,6910,Paid,2025-07-27 14:14:29.331267
521,68,2,2025-07-01 14:14:29.331267,6500,1270,7616,Paid,2025-08-07 14:14:29.331267
522,68,2,2025-08-01 14:14:29.331267,6500,1410,7607,Paid,2025-09-18 14:14:29.331267
523,68,2,2025-09-01 14:14:29.331267,6500,105,6890,Paid,
524,68,2,2025-10-01 14:14:29.331267,6500,472,7995,Paid,2025-11-23 14:14:29.331267
525,68,2,2025-11-01 14:14:29.331267,6500,459,6745,Paid,2025-11-29 14:14:29.331267
526,68,2,2025-12-01 14:14:29.331267,6500,1414,7199,Paid,2026-01-07 14:14:29.331267
527,68,2,2026-01-01 14:14:29.331267,6500,1282,7745,Paid,2026-02-15 14:14:29.331267
528,68,2,2026-02-01 14:14:29.331267,6500,40,7465,Paid,2026-02-28 14:14:29.331267
529,68,2,2026-03-01 14:14:29.331267,6500,777,6817,Paid,2026-04-21 14:14:29.331267
530,69,4,2025-07-01 14:14:29.331267,7500,896,8270,Paid,2025-07-21 14:14:29.331267
531,69,4,2025-07-01 14:14:29.331267,7500,407,7899,Paid,2025-08-14 14:14:29.331267
532,69,4,2025-08-01 14:14:29.331267,7500,121,8902,Paid,2025-09-21 14:14:29.331267
533,69,4,2025-09-01 14:14:29.331267,7500,593,8266,Paid,2025-10-23 14:14:29.331267
534,70,4,2025-05-01 14:14:29.331267,5500,1338,6637,Paid,2025-05-20 14:14:29.331267
535,70,4,2025-05-01 14:14:29.331267,5500,99,6717,Paid,2025-06-29 14:14:29.331267
536,70,4,2025-06-01 14:14:29.331267,5500,575,6337,Paid,2025-07-20 14:14:29.331267
537,70,4,2025-07-01 14:14:29.331267,5500,1352,5826,Pending,
538,70,4,2025-08-01 14:14:29.331267,5500,264,5503,Paid,2025-09-03 14:14:29.331267
539,70,4,2025-09-01 14:14:29.331267,5500,899,6524,Paid,2025-10-08 14:14:29.331267
540,70,4,2025-10-01 14:14:29.331267,5500,66,6894,Overdue,
541,70,4,2025-11-01 14:14:29.331267,5500,742,6314,Paid,2025-12-05 14:14:29.331267
542,71,1,2025-10-01 14:14:29.331267,3500,1261,4106,Paid,2025-10-11 14:14:29.331267
543,71,1,2025-10-01 14:14:29.331267,3500,227,4764,Paid,
544,71,1,2025-11-01 14:14:29.331267,3500,856,3660,Paid,2025-12-03 14:14:29.331267
545,71,1,2025-12-01 14:14:29.331267,3500,966,3591,Paid,2026-01-20 14:14:29.331267
546,71,1,2026-01-01 14:14:29.331267,3500,666,4689,Paid,2026-02-28 14:14:29.331267
547,71,1,2026-02-01 14:14:29.331267,3500,677,4296,Paid,2026-03-25 14:14:29.331267
548,71,1,2026-03-01 14:14:29.331267,3500,992,4795,Paid,
549,72,5,2025-08-01 14:14:29.331267,7500,806,8826,Pending,2025-08-12 14:14:29.331267
550,72,5,2025-08-01 14:14:29.331267,7500,163,8707,Paid,2025-09-14 14:14:29.331267
551,72,5,2025-09-01 14:14:29.331267,7500,282,8150,Pending,2025-10-02 14:14:29.331267
552,72,5,2025-10-01 14:14:29.331267,7500,543,7547,Paid,2025-11-27 14:14:29.331267
553,72,5,2025-11-01 14:14:29.331267,7500,132,8783,Paid,2025-12-10 14:14:29.331267
554,73,5,2025-11-01 14:14:29.331267,6500,371,7885,Paid,2025-11-02 14:14:29.331267
555,73,5,2025-12-01 14:14:29.331267,6500,1271,7738,Paid,2025-12-30 14:14:29.331267
556,73,5,2025-12-01 14:14:29.331267,6500,1088,7738,Paid,2026-01-16 14:14:29.331267
557,73,5,2026-01-01 14:14:29.331267,6500,241,7208,Paid,2026-02-02 14:14:29.331267
558,73,5,2026-03-01 14:14:29.331267,6500,243,7587,Paid,2026-03-20 14:14:29.331267
559,74,2,2026-02-01 14:14:29.331267,5500,418,6510,Paid,2026-02-19 14:14:29.331267
560,74,2,2026-03-01 14:14:29.331267,5500,762,6030,Paid,2026-03-05 14:14:29.331267
561,75,5,2025-10-01 14:14:29.331267,7500,676,7690,Paid,2025-10-17 14:14:29.331267
562,75,5,2025-10-01 14:14:29.331267,7500,1034,7844,Paid,2025-11-13 14:14:29.331267
563,75,5,2025-11-01 14:14:29.331267,7500,113,8620,Paid,2025-12-22 14:14:29.331267
564,75,5,2025-12-01 14:14:29.331267,7500,1415,8099,Paid,2026-01-19 14:14:29.331267
565,75,5,2026-01-01 14:14:29.331267,7500,1057,8083,Paid,2026-02-21 14:14:29.331267
566,75,5,2026-02-01 14:14:29.331267,7500,896,8210,Paid,
567,75,5,2026-03-01 14:14:29.331267,7500,234,8377,Paid,2026-04-11 14:14:29.331267
568,76,2,2025-06-01 14:14:29.331267,7500,337,7758,Paid,2025-06-21 14:14:29.331267
569,76,2,2025-07-01 14:14:29.331267,7500,1273,8742,Paid,2025-07-22 14:14:29.331267
570,76,2,2025-07-01 14:14:29.331267,7500,1396,7610,Paid,2025-08-27 14:14:29.331267
571,76,2,2025-08-01 14:14:29.331267,7500,1054,8414,Paid,2025-09-05 14:14:29.331267
572,76,2,2025-09-01 14:14:29.331267,7500,400,8331,Paid,2025-10-29 14:14:29.331267
573,76,2,2025-10-01 14:14:29.331267,7500,798,8522,Paid,2025-11-21 14:14:29.331267
574,76,2,2025-11-01 14:14:29.331267,7500,1363,7567,Paid,2025-12-03 14:14:29.331267
575,76,2,2025-12-01 14:14:29.331267,7500,1499,8972,Paid,2026-01-22 14:14:29.331267
576,76,2,2026-01-01 14:14:29.331267,7500,808,7846,Overdue,2026-01-31 14:14:29.331267
577,76,2,2026-02-01 14:14:29.331267,7500,673,8863,Paid,2026-03-19 14:14:29.331267
578,76,2,2026-03-01 14:14:29.331267,7500,232,8425,Paid,2026-04-15 14:14:29.331267
579,77,1,2025-10-01 14:14:29.331267,7500,945,7856,Paid,2025-10-31 14:14:29.331267
580,77,1,2025-10-01 14:14:29.331267,7500,446,8468,Paid,2025-11-08 14:14:29.331267
581,77,1,2025-11-01 14:14:29.331267,7500,806,7704,Paid,2025-12-02 14:14:29.331267
582,77,1,2025-12-01 14:14:29.331267,7500,171,8051,Overdue,2026-01-06 14:14:29.331267
583,77,1,2026-01-01 14:14:29.331267,7500,686,8535,Paid,2026-02-11 14:14:29.331267
584,77,1,2026-02-01 14:14:29.331267,7500,187,8853,Paid,2026-03-06 14:14:29.331267
585,77,1,2026-03-01 14:14:29.331267,7500,1137,7817,Paid,2026-04-27 14:14:29.331267
586,78,4,2025-09-01 14:14:29.331267,5500,304,6121,Paid,2025-09-03 14:14:29.331267
587,78,4,2025-10-01 14:14:29.331267,5500,1438,6943,Paid,2025-10-29 14:14:29.331267
588,78,4,2025-10-01 14:14:29.331267,5500,411,6953,Paid,
589,78,4,2025-11-01 14:14:29.331267,5500,585,6162,Paid,2025-12-25 14:14:29.331267
590,78,4,2025-12-01 14:14:29.331267,5500,200,5802,Paid,2025-12-31 14:14:29.331267
591,78,4,2026-01-01 14:14:29.331267,5500,1269,6115,Paid,
592,78,4,2026-02-01 14:14:29.331267,5500,258,5937,Paid,2026-03-27 14:14:29.331267
593,78,4,2026-03-01 14:14:29.331267,5500,94,6062,Pending,
594,79,4,2025-07-01 14:14:29.331267,5500,406,6720,Paid,
595,79,4,2025-07-01 14:14:29.331267,5500,43,5659,Paid,2025-08-03 14:14:29.331267
596,79,4,2025-08-01 14:14:29.331267,5500,255,5905,Overdue,
597,79,4,2025-09-01 14:14:29.331267,5500,668,5679,Paid,2025-10-14 14:14:29.331267
598,79,4,2025-10-01 14:14:29.331267,5500,266,6352,Pending,2025-11-26 14:14:29.331267
599,79,4,2025-11-01 14:14:29.331267,5500,386,5603,Paid,
600,79,4,2025-12-01 14:14:29.331267,5500,1159,6330,Pending,2025-12-31 14:14:29.331267
601,79,4,2026-01-01 14:14:29.331267,5500,43,5670,Paid,2026-02-18 14:14:29.331267
602,79,4,2026-02-01 14:14:29.331267,5500,1334,6615,Paid,2026-02-27 14:14:29.331267
603,79,4,2026-03-01 14:14:29.331267,5500,1232,6384,Paid,2026-04-27 14:14:29.331267
604,80,4,2026-03-01 14:14:29.331267,4500,1399,5780,Paid,2026-03-20 14:14:29.331267
605,81,5,2025-08-01 14:14:29.331267,6500,722,7355,Paid,2025-08-23 14:14:29.331267
606,81,5,2025-08-01 14:14:29.331267,6500,804,7495,Paid,2025-09-01 14:14:29.331267
607,81,5,2025-09-01 14:14:29.331267,6500,80,7579,Paid,2025-10-01 14:14:29.331267
608,81,5,2025-10-01 14:14:29.331267,6500,718,7410,Paid,2025-11-07 14:14:29.331267
609,81,5,2025-11-01 14:14:29.331267,6500,967,6907,Paid,2025-12-17 14:14:29.331267
610,81,5,2025-12-01 14:14:29.331267,6500,1235,7965,Paid,2026-01-05 14:14:29.331267
611,81,5,2026-01-01 14:14:29.331267,6500,613,7564,Paid,
612,81,5,2026-02-01 14:14:29.331267,6500,75,7562,Overdue,2026-03-02 14:14:29.331267
613,81,5,2026-03-01 14:14:29.331267,6500,1457,6593,Paid,2026-04-09 14:14:29.331267
614,82,1,2026-03-01 14:14:29.331267,3500,1179,3544,Paid,2026-03-26 14:14:29.331267
615,82,1,2026-03-01 14:14:29.331267,3500,913,4956,Paid,2026-04-06 14:14:29.331267
616,83,5,2026-03-01 14:14:29.331267,7500,456,8395,Paid,
617,84,5,2026-02-01 14:14:29.331267,4500,1370,4731,Paid,2026-02-12 14:14:29.331267
618,84,5,2026-03-01 14:14:29.331267,4500,1346,5899,Paid,2026-03-29 14:14:29.331267
619,85,1,2025-05-01 14:14:29.331267,3500,569,4507,Paid,2025-05-26 14:14:29.331267
620,85,1,2025-05-01 14:14:29.331267,3500,817,3998,Paid,2025-06-03 14:14:29.331267
621,85,1,2025-06-01 14:14:29.331267,3500,205,4592,Pending,2025-07-11 14:14:29.331267
622,85,1,2025-07-01 14:14:29.331267,3500,638,4824,Paid,2025-08-09 14:14:29.331267
623,85,1,2025-08-01 14:14:29.331267,3500,1385,3790,Paid,2025-09-27 14:14:29.331267
624,85,1,2025-09-01 14:14:29.331267,3500,1017,4987,Paid,2025-10-21 14:14:29.331267
625,85,1,2025-10-01 14:14:29.331267,3500,343,4363,Paid,2025-11-13 14:14:29.331267
626,85,1,2025-11-01 14:14:29.331267,3500,488,4699,Paid,2025-12-09 14:14:29.331267
627,85,1,2025-12-01 14:14:29.331267,3500,993,4451,Paid,2026-01-22 14:14:29.331267
628,85,1,2026-01-01 14:14:29.331267,3500,1400,4112,Paid,2026-01-31 14:14:29.331267
629,85,1,2026-02-01 14:14:29.331267,3500,309,4937,Paid,2026-03-07 14:14:29.331267
630,85,1,2026-03-01 14:14:29.331267,3500,973,3538,Pending,2026-04-01 14:14:29.331267
631,86,1,2026-02-01 14:14:29.331267,4500,136,5538,Paid,2026-03-03 14:14:29.331267
632,86,1,2026-03-01 14:14:29.331267,4500,406,4707,Paid,2026-03-31 14:14:29.331267
633,87,1,2026-02-01 14:14:29.331267,5500,873,6337,Paid,2026-02-12 14:14:29.331267
634,87,1,2026-03-01 14:14:29.331267,5500,435,6182,Paid,2026-04-02 14:14:29.331267
635,88,1,2025-06-01 14:14:29.331267,7500,86,8636,Overdue,2025-06-29 14:14:29.331267
636,88,1,2025-07-01 14:14:29.331267,7500,774,8824,Paid,2025-07-07 14:14:29.331267
637,88,1,2025-07-01 14:14:29.331267,7500,1231,8417,Paid,2025-08-03 14:14:29.331267
638,88,1,2025-08-01 14:14:29.331267,7500,327,8269,Paid,2025-09-03 14:14:29.331267
639,88,1,2025-09-01 14:14:29.331267,7500,273,7672,Paid,2025-10-23 14:14:29.331267
640,88,1,2025-10-01 14:14:29.331267,7500,540,8567,Overdue,2025-10-30 14:14:29.331267
641,88,1,2025-11-01 14:14:29.331267,7500,1340,8773,Paid,2025-12-16 14:14:29.331267
642,88,1,2025-12-01 14:14:29.331267,7500,517,8531,Paid,2026-01-21 14:14:29.331267
643,88,1,2026-01-01 14:14:29.331267,7500,1383,8560,Paid,
644,88,1,2026-02-01 14:14:29.331267,7500,503,7553,Paid,2026-03-26 14:14:29.331267
645,88,1,2026-03-01 14:14:29.331267,7500,1371,8122,Paid,2026-04-23 14:14:29.331267
646,89,4,2025-12-01 14:14:29.331267,3500,1187,4522,Overdue,2025-12-12 14:14:29.331267
647,89,4,2025-12-01 14:14:29.331267,3500,131,4805,Overdue,
648,89,4,2026-01-01 14:14:29.331267,3500,927,4641,Paid,2026-02-14 14:14:29.331267
649,89,4,2026-03-01 14:14:29.331267,3500,1297,4749,Paid,
650,90,3,2025-08-01 14:14:29.331267,3500,42,4716,Paid,2025-08-03 14:14:29.331267
651,90,3,2025-08-01 14:14:29.331267,3500,1127,3845,Paid,2025-09-02 14:14:29.331267
652,90,3,2025-09-01 14:14:29.331267,3500,146,4268,Paid,2025-10-27 14:14:29.331267
653,90,3,2025-10-01 14:14:29.331267,3500,942,3749,Paid,2025-11-27 14:14:29.331267
654,90,3,2025-11-01 14:14:29.331267,3500,1477,3678,Paid,2025-12-15 14:14:29.331267
655,90,3,2025-12-01 14:14:29.331267,3500,263,4958,Paid,2026-01-24 14:14:29.331267
656,90,3,2026-01-01 14:14:29.331267,3500,1113,3574,Paid,2026-02-24 14:14:29.331267
657,90,3,2026-02-01 14:14:29.331267,3500,446,4731,Paid,2026-03-17 14:14:29.331267
658,91,3,2025-06-01 14:14:29.331267,3500,1475,4163,Paid,2025-06-27 14:14:29.331267
659,91,3,2025-07-01 14:14:29.331267,3500,763,4873,Paid,2025-07-04 14:14:29.331267
660,91,3,2025-07-01 14:14:29.331267,3500,1362,4364,Pending,2025-08-30 14:14:29.331267
661,91,3,2025-08-01 14:14:29.331267,3500,715,3757,Overdue,2025-09-27 14:14:29.331267
662,91,3,2025-09-01 14:14:29.331267,3500,279,4693,Pending,2025-10-17 14:14:29.331267
663,91,3,2025-10-01 14:14:29.331267,3500,945,3632,Paid,2025-11-02 14:14:29.331267
664,91,3,2025-11-01 14:14:29.331267,3500,232,4190,Paid,2025-12-01 14:14:29.331267
665,91,3,2025-12-01 14:14:29.331267,3500,615,3946,Paid,2026-01-07 14:14:29.331267
666,91,3,2026-01-01 14:14:29.331267,3500,617,4687,Paid,2026-02-17 14:14:29.331267
667,92,1,2025-11-01 14:14:29.331267,3500,303,3964,Paid,2025-11-12 14:14:29.331267
668,92,1,2025-12-01 14:14:29.331267,3500,897,3980,Paid,
669,92,1,2025-12-01 14:14:29.331267,3500,806,4258,Paid,2026-01-30 14:14:29.331267
670,92,1,2026-01-01 14:14:29.331267,3500,524,4187,Paid,2026-02-25 14:14:29.331267
671,92,1,2026-03-01 14:14:29.331267,3500,763,3818,Paid,2026-03-10 14:14:29.331267
672,93,3,2025-10-01 14:14:29.331267,3500,231,4223,Paid,2025-10-23 14:14:29.331267
673,93,3,2025-10-01 14:14:29.331267,3500,154,3660,Paid,2025-11-28 14:14:29.331267
674,93,3,2025-11-01 14:14:29.331267,3500,949,4542,Paid,2025-12-28 14:14:29.331267
675,93,3,2025-12-01 14:14:29.331267,3500,1406,4728,Paid,2026-01-01 14:14:29.331267
676,93,3,2026-01-01 14:14:29.331267,3500,967,4200,Paid,2026-02-22 14:14:29.331267
677,93,3,2026-02-01 14:14:29.331267,3500,440,3918,Paid,
678,93,3,2026-03-01 14:14:29.331267,3500,1146,4900,Paid,2026-04-27 14:14:29.331267
679,94,3,2025-08-01 14:14:29.331267,4500,770,5186,Overdue,2025-08-06 14:14:29.331267
680,94,3,2025-08-01 14:14:29.331267,4500,1181,4611,Paid,2025-09-29 14:14:29.331267
681,94,3,2025-09-01 14:14:29.331267,4500,920,4796,Paid,2025-10-26 14:14:29.331267
682,94,3,2025-10-01 14:14:29.331267,4500,1216,5137,Paid,2025-11-24 14:14:29.331267
683,94,3,2025-11-01 14:14:29.331267,4500,966,4577,Paid,2025-12-16 14:14:29.331267
684,94,3,2025-12-01 14:14:29.331267,4500,955,5847,Paid,2026-01-08 14:14:29.331267
685,94,3,2026-01-01 14:14:29.331267,4500,1041,5526,Paid,2026-02-26 14:14:29.331267
686,94,3,2026-02-01 14:14:29.331267,4500,805,4595,Paid,2026-03-18 14:14:29.331267
687,94,3,2026-03-01 14:14:29.331267,4500,564,5888,Paid,
688,95,1,2026-02-01 14:14:29.331267,7500,1450,8715,Paid,2026-02-26 14:14:29.331267
689,95,1,2026-03-01 14:14:29.331267,7500,1084,8732,Paid,2026-03-22 14:14:29.331267
690,96,3,2026-03-01 14:14:29.331267,5500,740,6109,Paid,
691,97,5,2026-01-01 14:14:29.331267,5500,587,6384,Paid,2026-01-06 14:14:29.331267
692,97,5,2026-01-01 14:14:29.331267,5500,809,6851,Paid,2026-02-02 14:14:29.331267
693,97,5,2026-03-01 14:14:29.331267,5500,743,5854,Paid,2026-03-09 14:14:29.331267
694,98,2,2025-07-01 14:14:29.331267,5500,1259,6244,Paid,2025-07-31 14:14:29.331267
695,98,2,2025-07-01 14:14:29.331267,5500,271,6676,Paid,2025-08-23 14:14:29.331267
696,98,2,2025-08-01 14:14:29.331267,5500,1298,6912,Paid,2025-09-24 14:14:29.331267
697,98,2,2025-09-01 14:14:29.331267,5500,770,5934,Overdue,2025-10-15 14:14:29.331267
698,98,2,2025-10-01 14:14:29.331267,5500,784,6010,Paid,2025-11-04 14:14:29.331267
699,98,2,2025-11-01 14:14:29.331267,5500,175,6740,Paid,2025-12-02 14:14:29.331267
700,98,2,2025-12-01 14:14:29.331267,5500,1123,6348,Paid,2025-12-31 14:14:29.331267
701,98,2,2026-01-01 14:14:29.331267,5500,1395,5716,Paid,2026-02-12 14:14:29.331267
702,98,2,2026-02-01 14:14:29.331267,5500,219,6541,Paid,2026-03-18 14:14:29.331267
703,98,2,2026-03-01 14:14:29.331267,5500,485,6381,Paid,2026-04-25 14:14:29.331267
704,99,2,2026-03-01 14:14:29.331267,5500,132,5516,Paid,2026-03-26 14:14:29.331267
705,100,1,2025-09-01 14:14:29.331267,4500,1327,4526,Paid,2025-09-27 14:14:29.331267
706,100,1,2025-10-01 14:14:29.331267,4500,1445,4569,Overdue,2025-10-21 14:14:29.331267
707,100,1,2025-10-01 14:14:29.331267,4500,1119,5329,Paid,2025-11-19 14:14:29.331267
708,100,1,2025-11-01 14:14:29.331267,4500,1006,4782,Paid,2025-12-04 14:14:29.331267
709,100,1,2025-12-01 14:14:29.331267,4500,98,5047,Paid,2026-01-21 14:14:29.331267
710,100,1,2026-01-01 14:14:29.331267,4500,1011,5630,Paid,2026-02-08 14:14:29.331267
711,100,1,2026-02-01 14:14:29.331267,4500,517,5384,Paid,2026-03-16 14:14:29.331267
712,100,1,2026-03-01 14:14:29.331267,4500,1199,5140,Pending,2026-04-13 14:14:29.331267
713,101,4,2025-04-01 14:14:29.331267,6500,238,6555,Paid,2025-04-27 14:14:29.331267
714,101,4,2025-05-01 14:14:29.331267,6500,951,7987,Paid,2025-05-24 14:14:29.331267
715,101,4,2025-05-01 14:14:29.331267,6500,1246,6791,Paid,2025-06-19 14:14:29.331267
716,101,4,2025-06-01 14:14:29.331267,6500,1347,7252,Paid,2025-07-07 14:14:29.331267
717,101,4,2025-07-01 14:14:29.331267,6500,365,6703,Paid,2025-08-11 14:14:29.331267
718,101,4,2025-08-01 14:14:29.331267,6500,987,7884,Paid,2025-09-06 14:14:29.331267
719,101,4,2025-09-01 14:14:29.331267,6500,1142,7586,Paid,2025-10-23 14:14:29.331267
720,101,4,2025-10-01 14:14:29.331267,6500,356,6894,Paid,
721,101,4,2025-11-01 14:14:29.331267,6500,84,7105,Paid,
722,101,4,2025-12-01 14:14:29.331267,6500,787,6908,Paid,2026-01-16 14:14:29.331267
723,101,4,2026-01-01 14:14:29.331267,6500,653,7323,Paid,2026-02-17 14:14:29.331267
724,101,4,2026-02-01 14:14:29.331267,6500,311,6673,Overdue,2026-03-19 14:14:29.331267
725,101,4,2026-03-01 14:14:29.331267,6500,577,6957,Paid,2026-04-22 14:14:29.331267
726,102,1,2025-07-01 14:14:29.331267,7500,50,8354,Overdue,2025-07-10 14:14:29.331267
727,102,1,2025-07-01 14:14:29.331267,7500,941,8772,Pending,2025-08-12 14:14:29.331267
728,102,1,2025-08-01 14:14:29.331267,7500,594,8003,Paid,2025-09-10 14:14:29.331267
729,102,1,2025-09-01 14:14:29.331267,7500,374,8446,Paid,2025-10-16 14:14:29.331267
730,102,1,2025-10-01 14:14:29.331267,7500,319,8275,Paid,2025-11-03 14:14:29.331267
731,102,1,2025-11-01 14:14:29.331267,7500,495,8441,Paid,2025-12-09 14:14:29.331267
732,102,1,2025-12-01 14:14:29.331267,7500,457,8549,Paid,2026-01-09 14:14:29.331267
733,102,1,2026-01-01 14:14:29.331267,7500,406,8954,Overdue,2026-02-01 14:14:29.331267
734,102,1,2026-02-01 14:14:29.331267,7500,470,8741,Paid,2026-03-02 14:14:29.331267
735,102,1,2026-03-01 14:14:29.331267,7500,722,8306,Paid,2026-04-13 14:14:29.331267
736,103,4,2025-04-01 14:14:29.331267,3500,1186,4600,Paid,2025-04-04 14:14:29.331267
737,103,4,2025-05-01 14:14:29.331267,3500,1414,4751,Paid,2025-05-02 14:14:29.331267
738,103,4,2025-05-01 14:14:29.331267,3500,236,4246,Paid,2025-06-20 14:14:29.331267
739,103,4,2025-06-01 14:14:29.331267,3500,931,3650,Paid,2025-07-06 14:14:29.331267
740,103,4,2025-07-01 14:14:29.331267,3500,614,3630,Paid,2025-08-21 14:14:29.331267
741,103,4,2025-08-01 14:14:29.331267,3500,349,3787,Paid,2025-09-08 14:14:29.331267
742,103,4,2025-09-01 14:14:29.331267,3500,1363,3571,Paid,2025-10-04 14:14:29.331267
743,103,4,2025-10-01 14:14:29.331267,3500,343,4776,Paid,2025-11-03 14:14:29.331267
744,103,4,2025-11-01 14:14:29.331267,3500,20,4493,Paid,2025-12-07 14:14:29.331267
745,103,4,2025-12-01 14:14:29.331267,3500,1006,3546,Paid,2026-01-08 14:14:29.331267
746,103,4,2026-01-01 14:14:29.331267,3500,1168,3755,Pending,2026-02-07 14:14:29.331267
747,103,4,2026-02-01 14:14:29.331267,3500,326,3525,Pending,2026-03-16 14:14:29.331267
748,103,4,2026-03-01 14:14:29.331267,3500,1482,4374,Paid,2026-04-02 14:14:29.331267
749,104,2,2025-09-01 14:14:29.331267,6500,1053,6711,Paid,2025-09-11 14:14:29.331267
750,104,2,2025-10-01 14:14:29.331267,6500,1425,6924,Paid,2025-10-13 14:14:29.331267
751,104,2,2025-10-01 14:14:29.331267,6500,455,7970,Paid,2025-11-27 14:14:29.331267
752,104,2,2025-11-01 14:14:29.331267,6500,634,7094,Paid,2025-12-01 14:14:29.331267
753,104,2,2025-12-01 14:14:29.331267,6500,1286,7110,Paid,2026-01-07 14:14:29.331267
754,104,2,2026-01-01 14:14:29.331267,6500,1483,6902,Paid,2026-01-30 14:14:29.331267
755,104,2,2026-02-01 14:14:29.331267,6500,651,7343,Paid,2026-03-21 14:14:29.331267
756,104,2,2026-03-01 14:14:29.331267,6500,74,6809,Paid,2026-04-05 14:14:29.331267
757,105,1,2025-10-01 14:14:29.331267,5500,295,6190,Paid,2025-10-14 14:14:29.331267
758,105,1,2025-10-01 14:14:29.331267,5500,329,5644,Paid,2025-11-25 14:14:29.331267
759,105,1,2025-11-01 14:14:29.331267,5500,400,6025,Pending,2025-12-06 14:14:29.331267
760,105,1,2025-12-01 14:14:29.331267,5500,60,6537,Paid,2026-01-12 14:14:29.331267
761,105,1,2026-01-01 14:14:29.331267,5500,1201,6891,Paid,2026-02-15 14:14:29.331267
762,105,1,2026-02-01 14:14:29.331267,5500,910,6835,Paid,2026-03-17 14:14:29.331267
763,105,1,2026-03-01 14:14:29.331267,5500,29,5732,Paid,2026-03-31 14:14:29.331267
764,106,5,2025-08-01 14:14:29.331267,6500,169,7463,Paid,2025-08-15 14:14:29.331267
765,106,5,2025-08-01 14:14:29.331267,6500,590,7875,Paid,2025-09-19 14:14:29.331267
766,106,5,2025-09-01 14:14:29.331267,6500,503,7114,Paid,2025-10-28 14:14:29.331267
767,106,5,2025-10-01 14:14:29.331267,6500,1299,7951,Paid,2025-11-09 14:14:29.331267
768,106,5,2025-11-01 14:14:29.331267,6500,809,7302,Paid,2025-12-29 14:14:29.331267
769,106,5,2025-12-01 14:14:29.331267,6500,1227,6801,Paid,2026-01-06 14:14:29.331267
770,106,5,2026-01-01 14:14:29.331267,6500,294,7183,Paid,2026-02-22 14:14:29.331267
771,106,5,2026-02-01 14:14:29.331267,6500,382,6745,Pending,
772,106,5,2026-03-01 14:14:29.331267,6500,971,7152,Paid,2026-04-20 14:14:29.331267
773,106,5,2026-04-01 14:14:29.331267,6500,0,6603,Overdue,2026-05-22 14:14:29.331267
774,107,3,2025-05-01 14:14:29.331267,7500,557,7561,Paid,2025-05-04 14:14:29.331267
775,107,3,2025-05-01 14:14:29.331267,7500,1466,8254,Paid,2025-06-13 14:14:29.331267
776,107,3,2025-06-01 14:14:29.331267,7500,1074,8380,Paid,
777,107,3,2025-07-01 14:14:29.331267,7500,814,8300,Paid,2025-08-17 14:14:29.331267
778,107,3,2025-08-01 14:14:29.331267,7500,25,7773,Paid,2025-09-15 14:14:29.331267
779,107,3,2025-09-01 14:14:29.331267,7500,354,7780,Paid,2025-10-12 14:14:29.331267
780,107,3,2025-10-01 14:14:29.331267,7500,32,8654,Paid,2025-11-14 14:14:29.331267
781,107,3,2025-11-01 14:14:29.331267,7500,628,7752,Paid,2025-12-04 14:14:29.331267
782,107,3,2025-12-01 14:14:29.331267,7500,1333,7772,Paid,
783,107,3,2026-01-01 14:14:29.331267,7500,437,7963,Pending,2026-02-12 14:14:29.331267
784,107,3,2026-02-01 14:14:29.331267,7500,1068,8494,Paid,2026-03-09 14:14:29.331267
785,107,3,2026-03-01 14:14:29.331267,7500,1040,8941,Paid,2026-04-25 14:14:29.331267
786,108,4,2025-07-01 14:14:29.331267,3500,792,3822,Pending,2025-07-27 14:14:29.331267
787,108,4,2025-07-01 14:14:29.331267,3500,154,3546,Paid,2025-08-06 14:14:29.331267
788,108,4,2025-08-01 14:14:29.331267,3500,1470,4625,Paid,2025-09-29 14:14:29.331267
789,108,4,2025-09-01 14:14:29.331267,3500,675,4933,Paid,2025-09-30 14:14:29.331267
790,108,4,2025-10-01 14:14:29.331267,3500,987,4889,Paid,2025-11-21 14:14:29.331267
791,108,4,2025-11-01 14:14:29.331267,3500,1362,4594,Paid,
792,108,4,2025-12-01 14:14:29.331267,3500,631,3958,Paid,2026-01-10 14:14:29.331267
793,108,4,2026-01-01 14:14:29.331267,3500,134,4076,Paid,2026-02-07 14:14:29.331267
794,108,4,2026-02-01 14:14:29.331267,3500,611,4572,Paid,2026-02-28 14:14:29.331267
795,108,4,2026-03-01 14:14:29.331267,3500,611,3606,Paid,2026-04-05 14:14:29.331267
796,109,3,2026-01-01 14:14:29.331267,3500,866,4539,Paid,2026-01-30 14:14:29.331267
797,109,3,2026-01-01 14:14:29.331267,3500,1128,4557,Paid,2026-02-23 14:14:29.331267
798,109,3,2026-03-01 14:14:29.331267,3500,1054,3589,Paid,2026-03-11 14:14:29.331267
799,110,3,2025-09-01 14:14:29.331267,7500,921,8203,Paid,2025-09-30 14:14:29.331267
800,110,3,2025-10-01 14:14:29.331267,7500,1413,8902,Pending,2025-10-14 14:14:29.331267
801,110,3,2025-10-01 14:14:29.331267,7500,1012,7538,Paid,2025-11-09 14:14:29.331267
802,110,3,2025-11-01 14:14:29.331267,7500,704,7858,Paid,2025-12-21 14:14:29.331267
803,110,3,2025-12-01 14:14:29.331267,7500,815,8049,Paid,2026-01-02 14:14:29.331267
804,110,3,2026-01-01 14:14:29.331267,7500,868,7666,Paid,2026-02-13 14:14:29.331267
805,110,3,2026-02-01 14:14:29.331267,7500,969,7878,Paid,2026-03-20 14:14:29.331267
806,110,3,2026-03-01 14:14:29.331267,7500,1237,8720,Paid,2026-04-11 14:14:29.331267
807,111,1,2025-07-01 14:14:29.331267,7500,251,8823,Pending,2025-07-29 14:14:29.331267
808,111,1,2025-07-01 14:14:29.331267,7500,450,8140,Paid,2025-08-06 14:14:29.331267
809,111,1,2025-08-01 14:14:29.331267,7500,1191,7832,Paid,2025-09-28 14:14:29.331267
810,111,1,2025-09-01 14:14:29.331267,7500,1251,8117,Paid,2025-10-02 14:14:29.331267
811,111,1,2025-10-01 14:14:29.331267,7500,118,8224,Paid,2025-11-02 14:14:29.331267
812,112,3,2026-02-01 14:14:29.331267,5500,518,6397,Paid,2026-02-19 14:14:29.331267
813,112,3,2026-03-01 14:14:29.331267,5500,488,6536,Overdue,2026-03-05 14:14:29.331267
814,112,3,2026-04-01 14:14:29.331267,5500,179,6617,Paid,2026-04-24 14:14:29.331267
815,112,3,2026-05-01 14:14:29.331267,5500,409,6005,Paid,2026-05-11 14:14:29.331267
816,113,5,2025-12-01 14:14:29.331267,3500,372,4593,Paid,
817,113,5,2025-12-01 14:14:29.331267,3500,643,4861,Paid,2026-01-25 14:14:29.331267
818,113,5,2026-01-01 14:14:29.331267,3500,556,4598,Overdue,
819,113,5,2026-03-01 14:14:29.331267,3500,554,4406,Paid,2026-03-09 14:14:29.331267
820,114,3,2025-10-01 14:14:29.331267,6500,483,7442,Paid,2025-10-19 14:14:29.331267
821,114,3,2025-10-01 14:14:29.331267,6500,211,6585,Paid,2025-11-05 14:14:29.331267
822,114,3,2025-11-01 14:14:29.331267,6500,539,6726,Paid,2025-12-02 14:14:29.331267
823,114,3,2025-12-01 14:14:29.331267,6500,461,7167,Paid,
824,114,3,2026-01-01 14:14:29.331267,6500,1182,6908,Paid,
825,114,3,2026-02-01 14:14:29.331267,6500,608,7110,Paid,2026-03-24 14:14:29.331267
826,114,3,2026-03-01 14:14:29.331267,6500,414,7641,Paid,2026-04-27 14:14:29.331267
827,115,1,2026-02-01 14:14:29.331267,4500,146,4804,Paid,
828,115,1,2026-03-01 14:14:29.331267,4500,1016,4610,Paid,2026-03-26 14:14:29.331267
829,115,1,2026-04-01 14:14:29.331267,4500,268,5504,Paid,2026-04-24 14:14:29.331267
830,115,1,2026-05-01 14:14:29.331267,4500,1201,5764,Paid,2026-05-18 14:14:29.331267
831,115,1,2026-06-01 14:14:29.331267,4500,1046,5114,Paid,
832,115,1,2026-07-01 14:14:29.331267,4500,1244,5039,Paid,2026-07-18 14:14:29.331267
833,116,5,2025-11-01 14:14:29.331267,4500,568,5867,Paid,2025-11-10 14:14:29.331267
834,116,5,2025-12-01 14:14:29.331267,4500,1146,5563,Paid,2025-12-09 14:14:29.331267
835,116,5,2025-12-01 14:14:29.331267,4500,307,5374,Paid,2026-01-20 14:14:29.331267
836,116,5,2026-01-01 14:14:29.331267,4500,637,5342,Paid,2026-02-28 14:14:29.331267
837,116,5,2026-03-01 14:14:29.331267,4500,516,5472,Paid,2026-03-31 14:14:29.331267
838,117,2,2025-06-01 14:14:29.331267,7500,1497,8415,Paid,2025-06-26 14:14:29.331267
839,117,2,2025-07-01 14:14:29.331267,7500,369,8452,Paid,2025-07-23 14:14:29.331267
840,117,2,2025-07-01 14:14:29.331267,7500,771,7997,Paid,2025-08-27 14:14:29.331267
841,118,3,2025-08-01 14:14:29.331267,5500,380,6471,Pending,
842,118,3,2025-08-01 14:14:29.331267,5500,112,5660,Paid,
843,118,3,2025-09-01 14:14:29.331267,5500,488,6839,Paid,2025-10-07 14:14:29.331267
844,118,3,2025-10-01 14:14:29.331267,5500,563,5569,Paid,2025-10-31 14:14:29.331267
845,118,3,2025-11-01 14:14:29.331267,5500,1457,6131,Paid,2025-11-30 14:14:29.331267
846,118,3,2025-12-01 14:14:29.331267,5500,1188,6107,Paid,
847,118,3,2026-01-01 14:14:29.331267,5500,219,6889,Paid,
848,118,3,2026-02-01 14:14:29.331267,5500,332,6748,Paid,2026-03-22 14:14:29.331267
849,118,3,2026-03-01 14:14:29.331267,5500,119,6150,Paid,2026-04-21 14:14:29.331267
850,119,1,2025-06-01 14:14:29.331267,4500,1107,5258,Paid,
851,119,1,2025-07-01 14:14:29.331267,4500,318,5114,Paid,2025-07-31 14:14:29.331267
852,119,1,2025-07-01 14:14:29.331267,4500,723,5774,Paid,
853,119,1,2025-08-01 14:14:29.331267,4500,981,5890,Paid,
854,119,1,2025-09-01 14:14:29.331267,4500,680,5183,Paid,2025-10-26 14:14:29.331267
855,119,1,2025-10-01 14:14:29.331267,4500,166,5380,Paid,2025-11-25 14:14:29.331267
856,119,1,2025-11-01 14:14:29.331267,4500,681,5038,Paid,2025-12-21 14:14:29.331267
857,119,1,2025-12-01 14:14:29.331267,4500,95,4954,Paid,2026-01-04 14:14:29.331267
858,119,1,2026-01-01 14:14:29.331267,4500,1192,4911,Paid,2026-02-04 14:14:29.331267
859,119,1,2026-02-01 14:14:29.331267,4500,1184,5395,Pending,
860,119,1,2026-03-01 14:14:29.331267,4500,1087,4790,Pending,2026-04-26 14:14:29.331267
861,120,2,2025-08-01 14:14:29.331267,3500,176,4131,Paid,2025-08-17 14:14:29.331267
862,120,2,2025-08-01 14:14:29.331267,3500,1393,4003,Paid,2025-09-21 14:14:29.331267
863,120,2,2025-09-01 14:14:29.331267,3500,1354,4410,Paid,2025-10-24 14:14:29.331267
864,120,2,2025-10-01 14:14:29.331267,3500,359,4536,Paid,2025-11-24 14:14:29.331267
865,120,2,2025-11-01 14:14:29.331267,3500,130,3735,Overdue,2025-11-30 14:14:29.331267
866,120,2,2025-12-01 14:14:29.331267,3500,119,3893,Paid,2026-01-25 14:14:29.331267
867,120,2,2026-01-01 14:14:29.331267,3500,218,3666,Paid,2026-02-12 14:14:29.331267
868,120,2,2026-02-01 14:14:29.331267,3500,509,3950,Paid,2026-03-18 14:14:29.331267
869,120,2,2026-03-01 14:14:29.331267,3500,1151,3841,Paid,2026-04-08 14:14:29.331267
870,121,2,2026-01-01 14:14:29.331267,7500,700,7836,Paid,2026-01-30 14:14:29.331267
871,121,2,2026-01-01 14:14:29.331267,7500,194,7665,Paid,2026-02-18 14:14:29.331267
872,121,2,2026-03-01 14:14:29.331267,7500,1303,7550,Overdue,2026-03-11 14:14:29.331267
873,122,4,2025-12-01 14:14:29.331267,6500,796,7979,Overdue,2025-12-07 14:14:29.331267
874,122,4,2025-12-01 14:14:29.331267,6500,71,7700,Paid,2026-01-01 14:14:29.331267
875,122,4,2026-01-01 14:14:29.331267,6500,1246,6563,Paid,2026-02-28 14:14:29.331267
876,122,4,2026-03-01 14:14:29.331267,6500,1008,6674,Paid,2026-03-05 14:14:29.331267
877,123,5,2025-08-01 14:14:29.331267,7500,1197,7732,Paid,2025-08-19 14:14:29.331267
878,123,5,2025-08-01 14:14:29.331267,7500,16,8141,Paid,2025-09-29 14:14:29.331267
879,123,5,2025-09-01 14:14:29.331267,7500,1366,8965,Overdue,
880,123,5,2025-10-01 14:14:29.331267,7500,728,7636,Overdue,2025-11-02 14:14:29.331267
881,123,5,2025-11-01 14:14:29.331267,7500,779,8892,Paid,2025-12-15 14:14:29.331267
882,123,5,2025-12-01 14:14:29.331267,7500,1000,8481,Paid,2026-01-11 14:14:29.331267
883,123,5,2026-01-01 14:14:29.331267,7500,99,7960,Overdue,2026-02-10 14:14:29.331267
884,123,5,2026-02-01 14:14:29.331267,7500,866,7683,Paid,2026-02-28 14:14:29.331267
885,123,5,2026-03-01 14:14:29.331267,7500,735,8865,Paid,2026-04-21 14:14:29.331267
886,124,3,2026-01-01 14:14:29.331267,6500,104,7715,Paid,2026-01-05 14:14:29.331267
887,124,3,2026-01-01 14:14:29.331267,6500,310,7977,Paid,2026-02-16 14:14:29.331267
888,124,3,2026-03-01 14:14:29.331267,6500,103,6569,Paid,2026-03-18 14:14:29.331267
889,125,1,2025-11-01 14:14:29.331267,7500,1352,8673,Paid,2025-11-27 14:14:29.331267
890,125,1,2025-12-01 14:14:29.331267,7500,639,7820,Paid,2025-12-19 14:14:29.331267
891,125,1,2025-12-01 14:14:29.331267,7500,1408,7733,Paid,2026-01-23 14:14:29.331267
892,125,1,2026-01-01 14:14:29.331267,7500,528,8040,Overdue,
893,125,1,2026-03-01 14:14:29.331267,7500,1363,7894,Paid,2026-03-19 14:14:29.331267
894,126,4,2026-01-01 14:14:29.331267,7500,1163,8655,Paid,2026-01-04 14:14:29.331267
895,126,4,2026-01-01 14:14:29.331267,7500,1135,7510,Pending,2026-02-12 14:14:29.331267
896,126,4,2026-03-01 14:14:29.331267,7500,849,8197,Pending,2026-03-19 14:14:29.331267
897,127,5,2025-10-01 14:14:29.331267,7500,58,8445,Paid,2025-10-04 14:14:29.331267
898,127,5,2025-10-01 14:14:29.331267,7500,1067,8078,Paid,2025-11-22 14:14:29.331267
899,127,5,2025-11-01 14:14:29.331267,7500,971,7748,Paid,2025-12-26 14:14:29.331267
900,127,5,2025-12-01 14:14:29.331267,7500,917,8899,Paid,2026-01-07 14:14:29.331267
901,127,5,2026-01-01 14:14:29.331267,7500,913,7769,Paid,2026-02-15 14:14:29.331267
902,127,5,2026-02-01 14:14:29.331267,7500,4,8162,Paid,
903,127,5,2026-03-01 14:14:29.331267,7500,616,8483,Paid,2026-04-04 14:14:29.331267
904,128,4,2025-10-01 14:14:29.331267,6500,260,7412,Paid,2025-10-15 14:14:29.331267
905,128,4,2025-10-01 14:14:29.331267,6500,858,7617,Paid,2025-11-23 14:14:29.331267
906,128,4,2025-11-01 14:14:29.331267,6500,728,7451,Paid,2025-12-15 14:14:29.331267
907,128,4,2025-12-01 14:14:29.331267,6500,381,6660,Paid,2025-12-31 14:14:29.331267
908,128,4,2026-01-01 14:14:29.331267,6500,413,7269,Overdue,2026-02-22 14:14:29.331267
909,128,4,2026-02-01 14:14:29.331267,6500,1330,7227,Paid,2026-03-29 14:14:29.331267
910,128,4,2026-03-01 14:14:29.331267,6500,512,6875,Paid,2026-04-02 14:14:29.331267
911,129,5,2025-07-01 14:14:29.331267,6500,958,7267,Pending,2025-07-25 14:14:29.331267
912,129,5,2025-07-01 14:14:29.331267,6500,1265,7504,Paid,
913,129,5,2025-08-01 14:14:29.331267,6500,983,7744,Paid,2025-09-02 14:14:29.331267
914,129,5,2025-09-01 14:14:29.331267,6500,678,6714,Paid,2025-10-11 14:14:29.331267
915,129,5,2025-10-01 14:14:29.331267,6500,116,6992,Paid,2025-10-30 14:14:29.331267
916,129,5,2025-11-01 14:14:29.331267,6500,216,6687,Paid,
917,129,5,2025-12-01 14:14:29.331267,6500,882,6969,Paid,
918,129,5,2026-01-01 14:14:29.331267,6500,35,7022,Paid,2026-02-21 14:14:29.331267
919,129,5,2026-02-01 14:14:29.331267,6500,1185,7952,Paid,2026-03-12 14:14:29.331267
920,129,5,2026-03-01 14:14:29.331267,6500,124,7254,Paid,
921,130,5,2025-06-01 14:14:29.331267,7500,70,8601,Paid,
922,130,5,2025-07-01 14:14:29.331267,7500,1292,7714,Paid,2025-07-15 14:14:29.331267
923,130,5,2025-07-01 14:14:29.331267,7500,291,7514,Paid,2025-08-19 14:14:29.331267
924,130,5,2025-08-01 14:14:29.331267,7500,883,7573,Paid,2025-09-18 14:14:29.331267
925,130,5,2025-09-01 14:14:29.331267,7500,782,8297,Paid,
926,130,5,2025-10-01 14:14:29.331267,7500,1367,8212,Paid,2025-11-15 14:14:29.331267
927,130,5,2025-11-01 14:14:29.331267,7500,24,8679,Overdue,2025-12-24 14:14:29.331267
928,130,5,2025-12-01 14:14:29.331267,7500,1006,8009,Paid,2025-12-29 14:14:29.331267
929,130,5,2026-01-01 14:14:29.331267,7500,552,8497,Paid,2026-02-11 14:14:29.331267
930,130,5,2026-02-01 14:14:29.331267,7500,1325,7857,Paid,2026-03-15 14:14:29.331267
931,131,3,2025-12-01 14:14:29.331267,4500,284,5673,Paid,2025-12-05 14:14:29.331267
932,131,3,2025-12-01 14:14:29.331267,4500,806,5975,Paid,2026-01-01 14:14:29.331267
933,131,3,2026-01-01 14:14:29.331267,4500,417,5687,Paid,2026-02-24 14:14:29.331267
934,131,3,2026-03-01 14:14:29.331267,4500,530,5931,Paid,2026-03-20 14:14:29.331267
935,132,5,2025-12-01 14:14:29.331267,5500,745,6533,Paid,2025-12-22 14:14:29.331267
936,132,5,2025-12-01 14:14:29.331267,5500,974,5503,Paid,2026-01-22 14:14:29.331267
937,132,5,2026-01-01 14:14:29.331267,5500,617,6216,Paid,2026-03-01 14:14:29.331267
938,132,5,2026-03-01 14:14:29.331267,5500,1080,6817,Paid,2026-03-30 14:14:29.331267
939,133,4,2025-05-01 14:14:29.331267,5500,134,6977,Paid,2025-05-03 14:14:29.331267
940,133,4,2025-05-01 14:14:29.331267,5500,557,5568,Paid,2025-06-08 14:14:29.331267
941,133,4,2025-06-01 14:14:29.331267,5500,1020,5747,Overdue,2025-07-01 14:14:29.331267
942,133,4,2025-07-01 14:14:29.331267,5500,755,6885,Paid,2025-08-28 14:14:29.331267
943,133,4,2025-08-01 14:14:29.331267,5500,387,6882,Paid,2025-09-10 14:14:29.331267
944,133,4,2025-09-01 14:14:29.331267,5500,569,5915,Paid,2025-10-23 14:14:29.331267
945,134,5,2025-04-01 14:14:29.331267,5500,426,6213,Paid,2025-04-17 14:14:29.331267
946,134,5,2025-05-01 14:14:29.331267,5500,1321,6739,Paid,2025-05-19 14:14:29.331267
947,134,5,2025-05-01 14:14:29.331267,5500,632,6162,Paid,2025-06-30 14:14:29.331267
948,134,5,2025-06-01 14:14:29.331267,5500,672,6531,Paid,2025-07-16 14:14:29.331267
949,134,5,2025-07-01 14:14:29.331267,5500,310,6107,Paid,2025-08-19 14:14:29.331267
950,134,5,2025-08-01 14:14:29.331267,5500,1174,6887,Paid,
951,134,5,2025-09-01 14:14:29.331267,5500,735,5903,Paid,2025-10-23 14:14:29.331267
952,134,5,2025-10-01 14:14:29.331267,5500,1216,5772,Paid,2025-11-09 14:14:29.331267
953,134,5,2025-11-01 14:14:29.331267,5500,403,6911,Paid,2025-12-19 14:14:29.331267
954,134,5,2025-12-01 14:14:29.331267,5500,737,5886,Paid,2026-01-16 14:14:29.331267
955,134,5,2026-01-01 14:14:29.331267,5500,160,5915,Paid,2026-02-03 14:14:29.331267
956,134,5,2026-02-01 14:14:29.331267,5500,1446,6301,Overdue,
957,134,5,2026-03-01 14:14:29.331267,5500,89,5968,Paid,2026-04-03 14:14:29.331267
958,135,3,2025-05-01 14:14:29.331267,6500,580,7646,Paid,
959,135,3,2025-05-01 14:14:29.331267,6500,98,7857,Paid,2025-06-27 14:14:29.331267
960,135,3,2025-06-01 14:14:29.331267,6500,301,6609,Paid,2025-07-05 14:14:29.331267
961,135,3,2025-07-01 14:14:29.331267,6500,1451,6839,Pending,2025-08-24 14:14:29.331267
962,135,3,2025-08-01 14:14:29.331267,6500,551,7653,Paid,2025-09-19 14:14:29.331267
963,135,3,2025-09-01 14:14:29.331267,6500,534,6903,Paid,2025-09-30 14:14:29.331267
964,135,3,2025-10-01 14:14:29.331267,6500,219,7382,Paid,2025-11-12 14:14:29.331267
965,135,3,2025-11-01 14:14:29.331267,6500,196,7205,Paid,2025-12-25 14:14:29.331267
966,136,3,2025-06-01 14:14:29.331267,6500,1072,7874,Pending,2025-06-19 14:14:29.331267
967,136,3,2025-07-01 14:14:29.331267,6500,954,6994,Pending,2025-07-31 14:14:29.331267
968,136,3,2025-07-01 14:14:29.331267,6500,1461,6767,Paid,2025-08-06 14:14:29.331267
969,136,3,2025-08-01 14:14:29.331267,6500,659,6677,Paid,2025-09-17 14:14:29.331267
970,136,3,2025-09-01 14:14:29.331267,6500,1080,7895,Pending,2025-10-25 14:14:29.331267
971,136,3,2025-10-01 14:14:29.331267,6500,1477,6975,Paid,2025-11-11 14:14:29.331267
972,136,3,2025-11-01 14:14:29.331267,6500,849,7519,Paid,
973,136,3,2025-12-01 14:14:29.331267,6500,1006,7875,Paid,2026-01-08 14:14:29.331267
974,136,3,2026-01-01 14:14:29.331267,6500,197,6624,Paid,
975,136,3,2026-02-01 14:14:29.331267,6500,1013,7555,Paid,2026-03-21 14:14:29.331267
976,136,3,2026-03-01 14:14:29.331267,6500,224,7432,Paid,2026-04-24 14:14:29.331267
977,137,4,2026-02-01 14:14:29.331267,4500,745,5701,Pending,2026-02-04 14:14:29.331267
978,137,4,2026-03-01 14:14:29.331267,4500,371,4753,Paid,2026-03-13 14:14:29.331267
979,138,2,2025-06-01 14:14:29.331267,5500,187,6318,Paid,
980,138,2,2025-07-01 14:14:29.331267,5500,45,5761,Paid,2025-07-23 14:14:29.331267
981,138,2,2025-07-01 14:14:29.331267,5500,1430,6108,Paid,2025-08-02 14:14:29.331267
982,138,2,2025-08-01 14:14:29.331267,5500,1096,6424,Paid,2025-09-13 14:14:29.331267
983,138,2,2025-09-01 14:14:29.331267,5500,1242,6266,Pending,2025-10-15 14:14:29.331267
984,138,2,2025-10-01 14:14:29.331267,5500,1175,5647,Paid,2025-11-07 14:14:29.331267
985,138,2,2025-11-01 14:14:29.331267,5500,1146,6605,Paid,2025-12-22 14:14:29.331267
986,138,2,2025-12-01 14:14:29.331267,5500,252,6435,Pending,2026-01-18 14:14:29.331267
987,138,2,2026-01-01 14:14:29.331267,5500,585,5504,Paid,2026-02-14 14:14:29.331267
988,138,2,2026-02-01 14:14:29.331267,5500,464,6317,Paid,2026-03-15 14:14:29.331267
989,138,2,2026-03-01 14:14:29.331267,5500,1232,6437,Pending,2026-04-16 14:14:29.331267
990,139,2,2026-03-01 14:14:29.331267,5500,438,6154,Paid,2026-03-05 14:14:29.331267
991,140,5,2025-11-01 14:14:29.331267,7500,627,8429,Paid,2025-11-28 14:14:29.331267
992,140,5,2025-12-01 14:14:29.331267,7500,1207,7907,Paid,2025-12-18 14:14:29.331267
993,140,5,2025-12-01 14:14:29.331267,7500,1107,8638,Paid,2026-01-01 14:14:29.331267
994,140,5,2026-01-01 14:14:29.331267,7500,62,7542,Overdue,2026-02-16 14:14:29.331267
995,140,5,2026-03-01 14:14:29.331267,7500,916,7551,Paid,2026-03-15 14:14:29.331267
996,141,1,2026-01-01 14:14:29.331267,6500,660,6646,Paid,2026-01-17 14:14:29.331267
997,141,1,2026-01-01 14:14:29.331267,6500,1208,6736,Paid,2026-02-13 14:14:29.331267
998,141,1,2026-03-01 14:14:29.331267,6500,388,6537,Paid,2026-04-01 14:14:29.331267
999,142,5,2025-05-01 14:14:29.331267,5500,1169,5558,Pending,2025-05-25 14:14:29.331267
1000,142,5,2025-05-01 14:14:29.331267,5500,243,5818,Paid,
1001,142,5,2025-06-01 14:14:29.331267,5500,1292,5637,Paid,2025-07-27 14:14:29.331267
1002,142,5,2025-07-01 14:14:29.331267,5500,160,5848,Paid,2025-08-16 14:14:29.331267
1003,142,5,2025-08-01 14:14:29.331267,5500,284,6421,Paid,2025-09-25 14:14:29.331267
1004,142,5,2025-09-01 14:14:29.331267,5500,1232,6891,Paid,2025-10-22 14:14:29.331267
1005,142,5,2025-10-01 14:14:29.331267,5500,296,6365,Paid,2025-11-08 14:14:29.331267
1006,142,5,2025-11-01 14:14:29.331267,5500,696,6404,Pending,2025-12-13 14:14:29.331267
1007,142,5,2025-12-01 14:14:29.331267,5500,1187,6920,Paid,2026-01-04 14:14:29.331267
1008,142,5,2026-01-01 14:14:29.331267,5500,294,6251,Paid,2026-02-19 14:14:29.331267
1009,142,5,2026-02-01 14:14:29.331267,5500,917,5886,Paid,
1010,142,5,2026-03-01 14:14:29.331267,5500,492,5647,Paid,2026-04-07 14:14:29.331267
1011,143,4,2025-10-01 14:14:29.331267,4500,1360,5369,Paid,2025-10-24 14:14:29.331267
1012,143,4,2025-10-01 14:14:29.331267,4500,318,4806,Paid,2025-11-18 14:14:29.331267
1013,143,4,2025-11-01 14:14:29.331267,4500,505,5525,Paid,2025-12-09 14:14:29.331267
1014,143,4,2025-12-01 14:14:29.331267,4500,944,4943,Paid,2026-01-02 14:14:29.331267
1015,143,4,2026-01-01 14:14:29.331267,4500,92,5775,Pending,2026-02-21 14:14:29.331267
1016,143,4,2026-02-01 14:14:29.331267,4500,168,4718,Pending,2026-03-02 14:14:29.331267
1017,143,4,2026-03-01 14:14:29.331267,4500,442,5741,Paid,
1018,144,4,2025-10-01 14:14:29.331267,4500,922,4661,Paid,2025-10-04 14:14:29.331267
1019,144,4,2025-10-01 14:14:29.331267,4500,370,5792,Paid,2025-11-04 14:14:29.331267
1020,144,4,2025-11-01 14:14:29.331267,4500,1272,4917,Paid,2025-12-05 14:14:29.331267
1021,144,4,2025-12-01 14:14:29.331267,4500,454,5919,Paid,
1022,144,4,2026-01-01 14:14:29.331267,4500,1162,5698,Paid,2026-02-12 14:14:29.331267
1023,144,4,2026-02-01 14:14:29.331267,4500,922,4930,Paid,2026-03-25 14:14:29.331267
1024,144,4,2026-03-01 14:14:29.331267,4500,2,4873,Paid,2026-04-24 14:14:29.331267
1025,145,4,2026-01-01 14:14:29.331267,5500,682,5814,Paid,2026-01-19 14:14:29.331267
1026,145,4,2026-01-01 14:14:29.331267,5500,971,6279,Paid,2026-02-09 14:14:29.331267
1027,145,4,2026-03-01 14:14:29.331267,5500,255,6286,Paid,2026-03-22 14:14:29.331267
1028,145,4,2026-04-01 14:14:29.331267,5500,110,6072,Paid,
1029,145,4,2026-05-01 14:14:29.331267,5500,1041,5964,Paid,2026-05-03 14:14:29.331267
1030,145,4,2026-05-01 14:14:29.331267,5500,575,6882,Paid,2026-06-02 14:14:29.331267
1031,145,4,2026-06-01 14:14:29.331267,5500,197,5795,Paid,2026-07-10 14:14:29.331267
1032,145,4,2026-07-01 14:14:29.331267,5500,929,5796,Pending,2026-08-04 14:14:29.331267
1033,146,4,2025-11-01 14:14:29.331267,6500,1393,6722,Paid,2025-11-06 14:14:29.331267
1034,146,4,2025-12-01 14:14:29.331267,6500,670,7264,Paid,2025-12-23 14:14:29.331267
1035,146,4,2025-12-01 14:14:29.331267,6500,895,6611,Pending,2026-01-20 14:14:29.331267
1036,146,4,2026-01-01 14:14:29.331267,6500,1157,6566,Paid,2026-02-06 14:14:29.331267
1037,146,4,2026-03-01 14:14:29.331267,6500,633,7109,Paid,2026-03-18 14:14:29.331267
1038,147,4,2025-12-01 14:14:29.331267,4500,313,5122,Paid,2025-12-13 14:14:29.331267
1039,147,4,2025-12-01 14:14:29.331267,4500,1240,5023,Paid,2026-01-19 14:14:29.331267
1040,147,4,2026-01-01 14:14:29.331267,4500,59,5860,Paid,2026-02-01 14:14:29.331267
1041,147,4,2026-03-01 14:14:29.331267,4500,528,5521,Paid,2026-03-28 14:14:29.331267
1042,147,4,2026-03-01 14:14:29.331267,4500,1288,5261,Paid,2026-04-30 14:14:29.331267
1043,148,3,2025-08-01 14:14:29.331267,7500,1093,7617,Pending,2025-08-04 14:14:29.331267
1044,148,3,2025-08-01 14:14:29.331267,7500,1049,7920,Paid,2025-09-26 14:14:29.331267
1045,148,3,2025-09-01 14:14:29.331267,7500,1498,7571,Pending,2025-10-20 14:14:29.331267
1046,148,3,2025-10-01 14:14:29.331267,7500,238,7558,Paid,2025-11-14 14:14:29.331267
1047,148,3,2025-11-01 14:14:29.331267,7500,217,8296,Paid,2025-12-28 14:14:29.331267
1048,148,3,2025-12-01 14:14:29.331267,7500,1335,7599,Pending,2026-01-27 14:14:29.331267
1049,148,3,2026-01-01 14:14:29.331267,7500,1355,7965,Paid,2026-02-01 14:14:29.331267
1050,148,3,2026-02-01 14:14:29.331267,7500,1040,8477,Paid,
1051,148,3,2026-03-01 14:14:29.331267,7500,938,7615,Paid,2026-04-21 14:14:29.331267
1052,149,2,2026-01-01 14:14:29.331267,4500,45,5018,Paid,2026-01-02 14:14:29.331267
1053,149,2,2026-01-01 14:14:29.331267,4500,737,5389,Pending,
1054,149,2,2026-03-01 14:14:29.331267,4500,340,4907,Paid,
1055,150,4,2025-04-01 14:14:29.331267,3500,1193,3882,Paid,2025-05-01 14:14:29.331267
1056,150,4,2025-05-01 14:14:29.331267,3500,1156,4417,Pending,2025-05-03 14:14:29.331267
1057,150,4,2025-05-01 14:14:29.331267,3500,40,3723,Paid,2025-06-03 14:14:29.331267
1058,150,4,2025-06-01 14:14:29.331267,3500,776,4254,Paid,
1059,150,4,2025-07-01 14:14:29.331267,3500,284,4742,Paid,2025-08-02 14:14:29.331267
1060,150,4,2025-08-01 14:14:29.331267,3500,981,4731,Paid,2025-08-30 14:14:29.331267
1061,150,4,2025-09-01 14:14:29.331267,3500,88,3871,Pending,2025-10-05 14:14:29.331267
1062,150,4,2025-10-01 14:14:29.331267,3500,804,4376,Paid,2025-11-10 14:14:29.331267
1063,150,4,2025-11-01 14:14:29.331267,3500,1249,3512,Paid,2025-12-05 14:14:29.331267
1064,150,4,2025-12-01 14:14:29.331267,3500,1036,3703,Paid,2026-01-17 14:14:29.331267
1065,150,4,2026-01-01 14:14:29.331267,3500,654,4043,Paid,2026-02-23 14:14:29.331267
1066,150,4,2026-02-01 14:14:29.331267,3500,197,4896,Paid,2026-03-08 14:14:29.331267
1067,150,4,2026-03-01 14:14:29.331267,3500,65,4650,Paid,2026-04-23 14:14:29.331267
